seed,pool,homolog_organism,homolog_genus,tier,in_cyanorak,identity,coverage,title,meta,doi,pmcid,pmid,year
DEH24_02300,alt,Shewanella baltica (strain OS223),Shewanella,kg_genus,False,79,59,The Structure of a Thermophilic Kinase Shapes Fitness upon Random Circular Permutation.,"Jones, ACS synthetic biology 2016",,PMC5122316,,2016
DEH24_02300,alt,Pseudomonas citronellolis,Pseudomonas,kg_genus,False,75,59,"Identification and characterization of levulinyl-CoA synthetase from Pseudomonas citronellolis, which differs phylogenetically from LvaE of Pseudomonas putida","Habe, AMB Express 2019",,PMC6692424,,2019
DEH24_02300,alt,Pseudomonas aeruginosa PAO1,Pseudomonas,kg_genus,False,69,59,Activation of the envelope stress-responsive two-component system AmgRS compensates for depletion of the essential lipoprotein signal peptidase LspA in <i>Pseudomonas aeruginosa</i>,"Sposato, Current research in microbial sciences 2026",,PMC12906115,,2026
DEH24_02300,alt,Pseudomonas aeruginosa PAO1,Pseudomonas,kg_genus,False,69,59,Reconciling high-throughput gene essentiality data with metabolic network reconstructions,"Blazier, PLoS computational biology 2019",,PMC6478342,,2019
DEH24_02300,alt,Pseudomonas aeruginosa PAO1,Pseudomonas,kg_genus,False,69,59,A systems-level approach for investigating Pseudomonas aeruginosa biofilm formation,"Xu, PloS one 2013",,PMC3579789,,2013
DEH24_02300,alt,Pseudomonas aeruginosa PAO1,Pseudomonas,kg_genus,False,69,59,Bis-(3'-5')-cyclic dimeric GMP regulates antimicrobial peptide resistance in Pseudomonas aeruginosa,"Chua, Antimicrobial agents and chemotherapy 2013",,PMC3632963,,2013
DEH24_02300,alt,Pseudomonas aeruginosa PAO1,Pseudomonas,kg_genus,False,69,59,A systems biology approach to drug targets in Pseudomonas aeruginosa biofilm,"Sigurdsson, PloS one 2012",,PMC3327687,,2012
DEH24_02300,alt,Pseudomonas aeruginosa PAO1,Pseudomonas,kg_genus,False,69,59,Transcriptional and proteomic responses of Pseudomonas aeruginosa PAO1 to spaceflight conditions involve Hfq regulation and reveal a role for oxygen,"Crabbé, Applied and environmental microbiology 2011",,PMC3067220,,2011
DEH24_02300,alt,Pseudomonas aeruginosa PAO1,Pseudomonas,kg_genus,False,69,59,Lipotoxin F of Pseudomonas aeruginosa is an AlgU-dependent and alginate-independent outer membrane protein involved in resistance to oxidative stress and adhesion to A549 human lung epithelia,"Damron, Microbiology (Reading, England) 2009",,PMC2895231,,2009
DEH24_02300,alt,Pseudomonas aeruginosa PAO1,Pseudomonas,kg_genus,False,69,59,Targeting a bacterial stress response to enhance antibiotic action,"Lee, Proceedings of the National Academy of Sciences of the United States of America 2009",,PMC2732827,,2009
DEH24_02300,alt,Pseudomonas aeruginosa PAO1,Pseudomonas,kg_genus,False,69,59,The Structure of a Thermophilic Kinase Shapes Fitness upon Random Circular Permutation.,"Jones, ACS synthetic biology 2016",,PMC5122316,,2016
DEH24_02300,alt,Pseudomonas putida KT2440,Pseudomonas,kg_genus,False,71,58,Automation and machine learning drive rapid optimization of isoprenol production in Pseudomonas putida,"Carruthers, Nature communications 2025",,PMC12748988,,2025
DEH24_02300,alt,Pseudomonas putida KT2440,Pseudomonas,kg_genus,False,71,58,UEG Week 2023 Poster Presentations,", United European gastroenterology journal 2023",,PMC10576948,,2023
DEH24_02300,alt,Pseudomonas putida KT2440,Pseudomonas,kg_genus,False,71,58,Differential proteomics and physiology of Pseudomonas putida KT2440 under filament-inducing conditions,"Crabbé, BMC microbiology 2012",,PMC3538555,,2012
DEH24_02300,alt,Ruegeria pomeroyi DSS-3,Ruegeria,kg_genus,False,50,53,An Updated genome annotation for the model marine bacterium Ruegeria pomeroyi DSS-3,"Rivers, Standards in genomic sciences 2014",,PMC4334477,,2014
EZ55_01060,alt,Shewanella oneidensis MR-1,Shewanella,kg_genus,False,64,99,Whole proteome analysis of post-translational modifications: applications of mass-spectrometry for proteogenomic annotation,"Gupta, Genome research 2007",,PMC1950905,,2007
EZ55_01060,alt,Shewanella oneidensis MR-1,Shewanella,kg_genus,False,64,99,Transcriptome profiling of Shewanella oneidensis gene expression following exposure to acidic and alkaline pH,"Leaphart, Journal of bacteriology 2006",,PMC1367224,,2006
EZ55_01060,alt,Shewanella oneidensis MR-1,Shewanella,kg_genus,False,52,99,Quantitative analysis of cell surface membrane proteins using membrane-impermeable chemical probe coupled with 18O labeling,"Zhang, Journal of proteome research 2010",,PMC2918385,,2010
EZ55_01060,alt,Shewanella oneidensis MR-1,Shewanella,kg_genus,False,52,99,Probing regulon of ArcA in Shewanella oneidensis MR-1 by integrated genomic analyses,"Gao, BMC genomics 2008",,PMC2262068,,2008
EZ55_01060,alt,Shewanella oneidensis MR-1,Shewanella,kg_genus,False,52,99,Whole proteome analysis of post-translational modifications: applications of mass-spectrometry for proteogenomic annotation,"Gupta, Genome research 2007",,PMC1950905,,2007
DEH24_14130,alt,Shewanella oneidensis MR-1,Shewanella,kg_genus,False,80,99,Defining Two Chemosensory Arrays in Shewanella oneidensis,"Fortier, Biomolecules 2022",,PMC9855816,,2022
DEH24_14130,alt,Shewanella oneidensis MR-1,Shewanella,kg_genus,False,80,99,Global transcriptome analysis of the cold shock response of Shewanella oneidensis MR-1 and mutational analysis of its classical cold shock proteins,"Gao, Journal of bacteriology 2006",,PMC1482949,,2006
DEH24_14130,alt,Shewanella oneidensis MR-1,Shewanella,kg_genus,False,80,99,Transcriptome analysis of Shewanella oneidensis MR-1 in response to elevated salt conditions,"Liu, Journal of bacteriology 2005",,PMC1065217,,2005
DEH24_14130,alt,Shewanella putrefaciens,Shewanella,kg_genus,False,80,99,Genomic Analysis of Two Representative Strains of Shewanella putrefaciens Isolated from Bigeye Tuna: Biofilm and Spoilage-Associated Behavior,"Yi, Foods (Basel, Switzerland) 2022",,PMC9100107,,2022
DEH24_14130,alt,Shewanella algae,Shewanella,kg_genus,False,79,99,Comparative Genomics Reveals Pathogenicity-Related Loci in Shewanella algae,"Wang, The Canadian journal of infectious diseases & medical microbiology = Journal canadien des maladies infectieuses et",,PMC7149415,,2020
DEH24_14130,alt,Pseudomonas putida KT2440,Pseudomonas,kg_genus,False,76,98,Gross transcriptomic analysis of Pseudomonas putida for diagnosing environmental shifts,"Hueso-Gil, Microbial biotechnology 2020",,PMC6922523,,2020
DEH24_14130,alt,Pseudomonas aeruginosa (strain ATCC 15692 / DSM 22644 / CIP 104116 / JCM 14847 / LMG 12228 / 1C / PRS 101 / PAO1),Pseudomonas,kg_genus,False,77,95,Proteome-wide identification of druggable targets and inhibitors for multidrug-resistant <i>Pseudomonas aeruginosa</i> using an integrative subtractive proteomics and virtual screening approach,"Vemula, Heliyon 2025",,PMC11891712,,2025
DEH24_14130,alt,Pseudomonas aeruginosa (strain ATCC 15692 / DSM 22644 / CIP 104116 / JCM 14847 / LMG 12228 / 1C / PRS 101 / PAO1),Pseudomonas,kg_genus,False,77,95,Genomic Characterization of Intestinal Colonizing <i>Pseudomonas juntendi</i> Strains Harboring <i>bla</i> <sub>VIM-2</sub>,"Zhu, Infection and drug resistance 2025",,PMC12702284,,2025
DEH24_14130,alt,Pseudomonas aeruginosa (strain ATCC 15692 / DSM 22644 / CIP 104116 / JCM 14847 / LMG 12228 / 1C / PRS 101 / PAO1),Pseudomonas,kg_genus,False,77,95,Metatranscriptome analysis to unveil the molecular signatures of transcriptionally active pathogens associated with bovine mastitis,"Naveenprasath, Frontiers in veterinary science 2025",,PMC12571623,,2025
DEH24_14130,alt,Pseudomonas aeruginosa (strain ATCC 15692 / DSM 22644 / CIP 104116 / JCM 14847 / LMG 12228 / 1C / PRS 101 / PAO1),Pseudomonas,kg_genus,False,77,95,Abundance and transmission of antibiotic resistance and virulence genes through mobile genetic elements in integrated chicken and fish farming system,"Kador, Scientific reports 2025",,PMC12217527,,2025
DEH24_14130,alt,Pseudomonas aeruginosa (strain ATCC 15692 / DSM 22644 / CIP 104116 / JCM 14847 / LMG 12228 / 1C / PRS 101 / PAO1),Pseudomonas,kg_genus,False,77,95,"Isolation, Characterization, and Evaluation of a Lytic Jumbo Phage Z90 Against Aeromonas hydrophila in American Eels (Anguilla rostrata)","Zhang, Antibiotics (Basel, Switzerland) 2025",,PMC12837969,,2025
DEH24_14130,alt,Pseudomonas aeruginosa (strain ATCC 15692 / DSM 22644 / CIP 104116 / JCM 14847 / LMG 12228 / 1C / PRS 101 / PAO1),Pseudomonas,kg_genus,False,77,95,"Molecular Characterization of Pseudomonas aeruginosa Clinical Isolates Through Whole-Genome Sequencing: A Comprehensive Analysis of Biotypes, Sequence Types, and Antimicrobial and Virulence Genes","Bharadwaj, Cureus 2024",,PMC11548977,,2024
DEH24_14130,alt,Pseudomonas aeruginosa (strain ATCC 15692 / DSM 22644 / CIP 104116 / JCM 14847 / LMG 12228 / 1C / PRS 101 / PAO1),Pseudomonas,kg_genus,False,77,95,"Metagenomic insights into microbial community, functional annotation, and antibiotic resistance genes in Himalayan Brahmaputra River sediment, India","Sharma, Frontiers in microbiology 2024",,PMC11614985,,2024
DEH24_14130,alt,Pseudomonas aeruginosa (strain ATCC 15692 / DSM 22644 / CIP 104116 / JCM 14847 / LMG 12228 / 1C / PRS 101 / PAO1),Pseudomonas,kg_genus,False,77,95,Microbiome mapping in dairy industry reveals new species and genes for probiotic and bioprotective activities,"De, NPJ biofilms and microbiomes 2024",,PMC11297241,,2024
DEH24_14130,alt,Pseudomonas aeruginosa (strain ATCC 15692 / DSM 22644 / CIP 104116 / JCM 14847 / LMG 12228 / 1C / PRS 101 / PAO1),Pseudomonas,kg_genus,False,77,95,Diverse Partners of the Partitioning ParB Protein in Pseudomonas aeruginosa,"Kawalek, Microbiology spectrum 2023",,PMC9927451,,2023
DEH24_14130,alt,Pseudomonas fluorescens Pf0-1,Pseudomonas,kg_genus,False,72,99,Novel genes involved in Pseudomonas fluorescens Pf0-1 motility and biofilm formation,"Mastropaolo, Applied and environmental microbiology 2012",,PMC3370546,,2012
DEH24_14130,alt,Pseudomonas syringae pv. actinidiae str. Shaanxi_M228,Pseudomonas,kg_genus,False,77,90,Transcriptome Analysis on the Mechanism of Ethylicin Inhibiting Pseudomonas syringae pv. actinidiae on Kiwifruit,"Liu, Microorganisms 2021",,PMC8067213,,2021
DEH24_14130,alt,Pseudomonas syringae pv. actinidiae str. Shaanxi_M228,Pseudomonas,kg_genus,False,77,90,"Pseudomonas syringae AlgU Downregulates Flagellin Gene Expression, Helping Evade Plant Immunity","Bao, Journal of bacteriology 2020",,PMC6989796,,2020
NATL1_02111,pro,Prochlorococcus marinus str. NATL1A,Prochlorococcus,cyano,True,100,100,Acclimation and stress response of Prochlorococcus to low salinity,"He, Frontiers in microbiology 2022",,PMC9606707,,2022
NATL1_02111,pro,Dolichospermum sp. UHCC 0315A,Dolichospermum,cyano,False,29,89,Insight into the genome and brackish water adaptation strategies of toxic and bloom-forming Baltic Sea Dolichospermum sp. UHCC 0315,"Teikari, Scientific reports 2019",,PMC6426976,,2019
NATL1_02111,pro,Synechocystis sp. PCC 6803,Synechocystis,cyano,False,34,43,Ethylene causes transcriptomic changes in Synechocystis during phototaxis,"Lacey, Plant direct 2018",,PMC6508509,,2018
NATL1_02111,pro,Synechocystis sp. PCC 6803,Synechocystis,cyano,False,34,43,"Essentiality of threonylcarbamoyladenosine (t(6)A), a universal tRNA modification, in bacteria","Thiaville, Molecular microbiology 2015",,PMC4963248,,2015
PMM1028,pro,Prochlorococcus marinus sp. MED4,Prochlorococcus,cyano,True,100,100,Identification of cyanobacterial non-coding RNAs by comparative genome analysis,"Axmann, Genome biology 2005",,PMC1242208,,2005
PMM1135,pro,Prochlorococcus marinus sp. MED4,Prochlorococcus,cyano,True,100,100,The challenge of regulation in a minimal photoautotroph: non-coding RNAs in Prochlorococcus,"Steglich, PLoS genetics 2008",,PMC2518516,,2008
PMM1135,pro,Prochlorococcus marinus sp. MED4,Prochlorococcus,cyano,True,100,100,The challenge of regulation in a minimal photoautotroph: non-coding RNAs in Prochlorococcus,"Steglich, PLoS genetics 2008",,PMC2518516,,2008
PMM1135,pro,Prochlorococcus marinus sp. MED4,Prochlorococcus,cyano,True,100,100,Genome-wide analysis of light sensing in Prochlorococcus,"Steglich, Journal of bacteriology 2006",,PMC1636322,,2006
PMM1135,pro,Prochlorococcus marinus sp. MED4,Prochlorococcus,cyano,True,91,99,Frequency of mispackaging of Prochlorococcus DNA by cyanophage,"Laurenceau, The ISME journal 2021",,PMC7852597,,2021
PMM1135,pro,Prochlorococcus marinus sp. MED4,Prochlorococcus,cyano,True,91,99,Frequency of mispackaging of Prochlorococcus DNA by cyanophage,"Laurenceau, The ISME journal 2021",,PMC7852597,,2021
PMM1135,pro,Prochlorococcus marinus sp. MED4,Prochlorococcus,cyano,True,91,99,Deductive biocomputing,"Shrager, PloS one 2007",,PMC1838522,,2007
PMM1135,pro,Prochlorococcus marinus sp. MED4,Prochlorococcus,cyano,True,91,99,Genome-wide analysis of light sensing in Prochlorococcus,"Steglich, Journal of bacteriology 2006",,PMC1636322,,2006
PMM1135,pro,Synechococcus sp. WH 8102,Synechococcus,cyano,True,47,69,Computational prediction of Pho regulons in cyanobacteria,"Su, BMC genomics 2007",,PMC1906773,,2007
PMM1135,pro,Prochlorococcus marinus sp. MED4,Prochlorococcus,cyano,True,57,62,Genome-wide analysis of light sensing in Prochlorococcus,"Steglich, Journal of bacteriology 2006",,PMC1636322,,2006
PMM1135,pro,Synechococcus sp. CC9605,Synechococcus,cyano,True,45,70,Computational prediction of Pho regulons in cyanobacteria,"Su, BMC genomics 2007",,PMC1906773,,2007
PMM1135,pro,Prochlorococcus marinus sp. MED4,Prochlorococcus,cyano,True,79,43,Genome-wide analysis of light sensing in Prochlorococcus,"Steglich, Journal of bacteriology 2006",,PMC1636322,,2006
PMM1135,pro,Prochlorococcus marinus sp. MED4,Prochlorococcus,cyano,True,72,34,Genome-wide analysis of light sensing in Prochlorococcus,"Steglich, Journal of bacteriology 2006",,PMC1636322,,2006
PMM1135,pro,Cyanothece sp. ATCC 51142,Cyanothece,cyano,False,42,68,Diurnal rhythms result in significant changes in the cellular protein complement in the cyanobacterium Cyanothece 51142,"Stöckel, PloS one 2011",,PMC3043056,,2011
PMM1135,pro,Prochlorococcus marinus sp. MED4,Prochlorococcus,cyano,True,72,47,ProPortal: a resource for integrated systems biology of Prochlorococcus and its phage,"Kelly, Nucleic acids research 2012",,PMC3245167,,2012
PMM1135,pro,Prochlorococcus marinus sp. MED4,Prochlorococcus,cyano,True,72,47,Genome-wide analysis of light sensing in Prochlorococcus,"Steglich, Journal of bacteriology 2006",,PMC1636322,,2006
PMM1135,pro,Cyanothece sp. ATCC 51142,Cyanothece,cyano,False,42,89,Diurnal rhythms result in significant changes in the cellular protein complement in the cyanobacterium Cyanothece 51142,"Stöckel, PloS one 2011",,PMC3043056,,2011
PMM1135,pro,Prochlorococcus marinus sp. MED4,Prochlorococcus,cyano,True,64,49,The transcriptome landscape of Prochlorococcus MED4 and the factors for stabilizing the core genome,"Wang, BMC microbiology 2014",,PMC3898218,,2014
PMM1135,pro,Prochlorococcus marinus sp. MED4,Prochlorococcus,cyano,True,64,49,ProPortal: a resource for integrated systems biology of Prochlorococcus and its phage,"Kelly, Nucleic acids research 2012",,PMC3245167,,2012
PMM1135,pro,Prochlorococcus marinus sp. MED4,Prochlorococcus,cyano,True,64,49,Global gene expression of Prochlorococcus ecotypes in response to changes in nitrogen availability,"Tolonen, Molecular systems biology 2006",,PMC1682016,,2006
PMM1135,pro,Prochlorococcus marinus str. MIT 9313,Prochlorococcus,cyano,True,44,66,Global gene expression of Prochlorococcus ecotypes in response to changes in nitrogen availability,"Tolonen, Molecular systems biology 2006",,PMC1682016,,2006
PMM1135,pro,Synechococcus elongatus (strain ATCC 33912 / PCC 7942 / FACHB-805) (Anacystis nidulans R2),Synechococcus,cyano,False,43,82,Dynamic Changes in the Thylakoid Proteome of Cyanobacteria during Light-Regulated Thylakoid Membrane Development,"Huang, Plants (Basel, Switzerland) 2023",,PMC10708155,,2023
PMM1135,pro,Synechococcus elongatus (strain ATCC 33912 / PCC 7942 / FACHB-805) (Anacystis nidulans R2),Synechococcus,cyano,False,43,82,Pseudomonas putida as saviour for troubled Synechococcus elongatus in a synthetic co-culture - interaction studies based on a multi-OMICs approach,"Kratzl, Communications biology 2024",,PMC11014904,,2024
PMM1135,pro,Synechococcus elongatus (strain ATCC 33912 / PCC 7942 / FACHB-805) (Anacystis nidulans R2),Synechococcus,cyano,False,43,82,RNA-Seq analysis and targeted mutagenesis for improved free fatty acid production in an engineered cyanobacterium,"Ruffing, Biotechnology for biofuels 2013",,PMC3750487,,2013
PMM1135,pro,Prochlorococcus marinus sp. MED4,Prochlorococcus,cyano,True,72,47,The transcriptome landscape of Prochlorococcus MED4 and the factors for stabilizing the core genome,"Wang, BMC microbiology 2014",,PMC3898218,,2014
PMM1135,pro,Prochlorococcus marinus sp. MED4,Prochlorococcus,cyano,True,72,47,Ultraviolet stress delays chromosome replication in light/dark synchronized cells of the marine cyanobacterium Prochlorococcus marinus PCC9511,"Kolowrat, BMC microbiology 2010",,PMC2921402,,2010
PMM1135,pro,Synechocystis sp. (strain ATCC 27184 / PCC 6803 / Kazusa),Synechocystis,cyano,False,50,77,Impact of SliP4 deletion on the high-light acclimation in Synechocystis sp. PCC 6803,"Alvarenga-Lucius, microLife 2026",,PMC12850537,,2026
PMM1135,pro,Synechocystis sp. (strain ATCC 27184 / PCC 6803 / Kazusa),Synechocystis,cyano,False,50,77,Glucose Uncouples Nitrogen Sensing From Chlorosis via a Photosynthetic Checkpoint in Synechocystis sp. PCC 6803,"Ortega-Martínez, Physiologia plantarum 2025",,PMC12638213,,2025
PMM1135,pro,Synechocystis sp. (strain ATCC 27184 / PCC 6803 / Kazusa),Synechocystis,cyano,False,50,77,Sll1252 Coordinates Electron Transport between Plastoquinone and Cytochrome b6/f Complex in Synechocystis PCC 6803,"Balaga, Genes 2023",,PMC10743179,,2023
PMM1135,pro,Synechocystis sp. (strain ATCC 27184 / PCC 6803 / Kazusa),Synechocystis,cyano,False,50,77,Regulation of RNase E during the UV stress response in the cyanobacterium Synechocystis sp. PCC 6803,"Watanabe, mLife 2023",,PMC10989929,,2023
PMM1135,pro,Synechocystis sp. (strain ATCC 27184 / PCC 6803 / Kazusa),Synechocystis,cyano,False,50,77,Tandem gene amplification restores photosystem II accumulation in cytochrome b559 mutants of cyanobacteria,"Chiu, The New phytologist 2022",,PMC9297868,,2022
PMM1135,pro,Synechocystis sp. (strain ATCC 27184 / PCC 6803 / Kazusa),Synechocystis,cyano,False,50,77,Advances in the Understanding of the Lifecycle of Photosystem II,"Johnson, Microorganisms 2022",,PMC9145668,,2022
PMM1135,pro,Synechocystis sp. (strain ATCC 27184 / PCC 6803 / Kazusa),Synechocystis,cyano,False,50,77,Identification of the key functional genes in salt-stress tolerance of Cyanobacterium Phormidium tenue using in silico analysis,"Shahbazi, 3 Biotech 2021",,PMC8602552,,2021
PMM1135,pro,Synechocystis sp. (strain ATCC 27184 / PCC 6803 / Kazusa),Synechocystis,cyano,False,50,77,The role of transcriptional repressor activity of LexA in salt-stress responses of the cyanobacterium Synechocystis sp. PCC 6803,"Takashima, Scientific reports 2020",,PMC7567884,,2020
PMM1135,pro,Nostoc sp. PCC 7120,Nostoc,cyano,False,35,94,The two-component response regulator OrrA confers dehydration tolerance by regulating avaKa expression in the cyanobacterium Anabaena sp. strain PCC 7120,"Kimura, Environmental microbiology 2022",,PMC9804601,,2022
PMM1135,pro,Prochlorococcus marinus str. MIT 9313,Prochlorococcus,cyano,True,57,54,Global gene expression of Prochlorococcus ecotypes in response to changes in nitrogen availability,"Tolonen, Molecular systems biology 2006",,PMC1682016,,2006
PMM1135,pro,Synechocystis sp. (strain ATCC 27184 / PCC 6803 / Kazusa),Synechocystis,cyano,False,48,77,Impact of SliP4 deletion on the high-light acclimation in Synechocystis sp. PCC 6803,"Alvarenga-Lucius, microLife 2026",,PMC12850537,,2026
PMM1135,pro,Synechocystis sp. (strain ATCC 27184 / PCC 6803 / Kazusa),Synechocystis,cyano,False,48,77,Glucose Uncouples Nitrogen Sensing From Chlorosis via a Photosynthetic Checkpoint in Synechocystis sp. PCC 6803,"Ortega-Martínez, Physiologia plantarum 2025",,PMC12638213,,2025
PMM1135,pro,Synechocystis sp. (strain ATCC 27184 / PCC 6803 / Kazusa),Synechocystis,cyano,False,48,77,Thioredoxin A regulates protein synthesis to maintain carbon and nitrogen partitioning in cyanobacteria,"Mallén-Ponce, Plant physiology 2024",,PMC11288746,,2024
PMM1135,pro,Synechocystis sp. (strain ATCC 27184 / PCC 6803 / Kazusa),Synechocystis,cyano,False,48,77,Sll1252 Coordinates Electron Transport between Plastoquinone and Cytochrome b6/f Complex in Synechocystis PCC 6803,"Balaga, Genes 2023",,PMC10743179,,2023
PMM1135,pro,Synechocystis sp. (strain ATCC 27184 / PCC 6803 / Kazusa),Synechocystis,cyano,False,48,77,Regulation of RNase E during the UV stress response in the cyanobacterium Synechocystis sp. PCC 6803,"Watanabe, mLife 2023",,PMC10989929,,2023
PMM1135,pro,Synechocystis sp. (strain ATCC 27184 / PCC 6803 / Kazusa),Synechocystis,cyano,False,48,77,Advances in the Understanding of the Lifecycle of Photosystem II,"Johnson, Microorganisms 2022",,PMC9145668,,2022
PMM1135,pro,Synechocystis sp. (strain ATCC 27184 / PCC 6803 / Kazusa),Synechocystis,cyano,False,48,77,Universal Molecular Triggers of Stress Responses in Cyanobacterium Synechocystis,"Mironov, Life (Basel, Switzerland) 2019",,PMC6789579,,2019
PMM1135,pro,Synechocystis sp. (strain ATCC 27184 / PCC 6803 / Kazusa),Synechocystis,cyano,False,48,77,The Transcriptional Landscape of the Photosynthetic Model Cyanobacterium Synechocystis sp. PCC6803,"Hernández-Prieto, Scientific reports 2016",,PMC4770689,,2016
PMM1404,pro,Prochlorococcus marinus sp. MED4,Prochlorococcus,cyano,True,100,100,Genome-wide analysis of light sensing in Prochlorococcus,"Steglich, Journal of bacteriology 2006",,PMC1636322,,2006
PMM1404,pro,Prochlorococcus marinus sp. MED4,Prochlorococcus,cyano,True,88,49,Genome-wide analysis of light sensing in Prochlorococcus,"Steglich, Journal of bacteriology 2006",,PMC1636322,,2006
PMM1404,pro,Prochlorococcus marinus sp. MED4,Prochlorococcus,cyano,True,92,78,Genome-wide analysis of light sensing in Prochlorococcus,"Steglich, Journal of bacteriology 2006",,PMC1636322,,2006
PMM1404,pro,Prochlorococcus marinus sp. MED4,Prochlorococcus,cyano,True,57,62,The challenge of regulation in a minimal photoautotroph: non-coding RNAs in Prochlorococcus,"Steglich, PLoS genetics 2008",,PMC2518516,,2008
PMM1404,pro,Prochlorococcus marinus sp. MED4,Prochlorococcus,cyano,True,57,62,The challenge of regulation in a minimal photoautotroph: non-coding RNAs in Prochlorococcus,"Steglich, PLoS genetics 2008",,PMC2518516,,2008
PMM1404,pro,Prochlorococcus marinus sp. MED4,Prochlorococcus,cyano,True,57,62,Genome-wide analysis of light sensing in Prochlorococcus,"Steglich, Journal of bacteriology 2006",,PMC1636322,,2006
PMM1404,pro,Prochlorococcus marinus sp. MED4,Prochlorococcus,cyano,True,53,65,Frequency of mispackaging of Prochlorococcus DNA by cyanophage,"Laurenceau, The ISME journal 2021",,PMC7852597,,2021
PMM1404,pro,Prochlorococcus marinus sp. MED4,Prochlorococcus,cyano,True,53,65,Frequency of mispackaging of Prochlorococcus DNA by cyanophage,"Laurenceau, The ISME journal 2021",,PMC7852597,,2021
PMM1404,pro,Prochlorococcus marinus sp. MED4,Prochlorococcus,cyano,True,53,65,Deductive biocomputing,"Shrager, PloS one 2007",,PMC1838522,,2007
PMM1404,pro,Prochlorococcus marinus sp. MED4,Prochlorococcus,cyano,True,53,65,Genome-wide analysis of light sensing in Prochlorococcus,"Steglich, Journal of bacteriology 2006",,PMC1636322,,2006
PMM1404,pro,Prochlorococcus marinus sp. MED4,Prochlorococcus,cyano,True,73,59,ProPortal: a resource for integrated systems biology of Prochlorococcus and its phage,"Kelly, Nucleic acids research 2012",,PMC3245167,,2012
PMM1404,pro,Prochlorococcus marinus sp. MED4,Prochlorococcus,cyano,True,73,59,Genome-wide analysis of light sensing in Prochlorococcus,"Steglich, Journal of bacteriology 2006",,PMC1636322,,2006
PMM1404,pro,Prochlorococcus marinus sp. MED4,Prochlorococcus,cyano,True,70,59,The transcriptome landscape of Prochlorococcus MED4 and the factors for stabilizing the core genome,"Wang, BMC microbiology 2014",,PMC3898218,,2014
PMM1404,pro,Prochlorococcus marinus sp. MED4,Prochlorococcus,cyano,True,70,59,Ultraviolet stress delays chromosome replication in light/dark synchronized cells of the marine cyanobacterium Prochlorococcus marinus PCC9511,"Kolowrat, BMC microbiology 2010",,PMC2921402,,2010
PMM1404,pro,Prochlorococcus marinus str. MIT 9313,Prochlorococcus,cyano,True,66,57,Global gene expression of Prochlorococcus ecotypes in response to changes in nitrogen availability,"Tolonen, Molecular systems biology 2006",,PMC1682016,,2006
PMT1742,pro,Nostoc sp. PCC 7120,Nostoc,cyano,False,70,99,Cyclophilin anaCyp40 regulates photosystem assembly and phycobilisome association in a cyanobacterium,"Yadav, Nature communications 2022",,PMC8967839,,2022
PMT1742,pro,Nostoc sp. PCC 7120,Nostoc,cyano,False,70,99,Calcium impacts carbon and nitrogen balance in the filamentous cyanobacterium Anabaena sp. PCC 7120,"Walter, Journal of experimental botany 2016",,PMC4915528,,2016
PMT1742,pro,Microcystis aeruginosa (strain NIES-843 / IAM M-2473),Microcystis,cyano,False,70,99,Rapid Classification and Identification of Microcystis aeruginosa Strains Using MALDI-TOF MS and Polygenetic Analysis,"Sun, PloS one 2016",,PMC4881969,,2016
PMT1742,pro,Synechocystis sp. PCC 6803,Synechocystis,cyano,False,70,99,Gene expression patterns of sulfur starvation in Synechocystis sp. PCC 6803,"Zhang, BMC genomics 2008",,PMC2491639,,2008
PMT1742,pro,Synechocystis sp. PCC 6803,Synechocystis,cyano,False,70,99,Global gene expression profiles of the cyanobacterium Synechocystis sp. strain PCC 6803 in response to irradiation with UV-B and white light,"Huang, Journal of bacteriology 2002",,PMC135463,,2002
PMT1742,pro,Crocosphaera subtropica ATCC 51142,Crocosphaera,cyano,False,66,99,Analysis of Protein Complexes in the Unicellular Cyanobacterium Cyanothece ATCC 51142,"Aryal, Journal of proteome research 2018",,PMC6400067,,2018
PMT9312_0549,pro,Prochlorococcus marinus (strain MIT 9313),Prochlorococcus,cyano,True,98,100,"Cryo-electron tomography reveals the comparative three-dimensional architecture of Prochlorococcus, a globally important marine cyanobacterium","Ting, Journal of bacteriology 2007",,PMC1913349,,2007
PMT9312_0549,pro,Prochlorococcus marinus sp. MED4,Prochlorococcus,cyano,True,99,95,A Cyanophage MarR-Type Transcription Factor Regulates Host RNase E Expression during Infection,"Lambrecht, Microorganisms 2022",,PMC9692554,,2022
PMT9312_0549,pro,Prochlorococcus marinus sp. MED4,Prochlorococcus,cyano,True,99,95,Response of Prochlorococcus to varying CO2:O2 ratios,"Bagby, The ISME journal 2015",,PMC4579476,,2015
PMT9312_0549,pro,Prochlorococcus marinus sp. MED4,Prochlorococcus,cyano,True,99,95,"Cryo-electron tomography reveals the comparative three-dimensional architecture of Prochlorococcus, a globally important marine cyanobacterium","Ting, Journal of bacteriology 2007",,PMC1913349,,2007
PMT9312_0549,pro,Prochlorococcus marinus str. MIT 9313,Prochlorococcus,cyano,True,92,43,"Cryo-electron tomography reveals the comparative three-dimensional architecture of Prochlorococcus, a globally important marine cyanobacterium","Ting, Journal of bacteriology 2007",,PMC1913349,,2007
PMT9312_0549,pro,Thermosynechococcus vestitus (strain NIES-2133 / IAM M-273 / BP-1),Thermosynechococcus,cyano,False,55,85,Engineering functional CO2-fixing modules in E. coli via efficient assembly of cyanobacterial Rubisco and carboxysomes,"Liu, 2024",10.21203/rs.3.rs-4511266/v1,,,2024
PMT9312_0549,pro,Cyanothece sp. ATCC 51142,Cyanothece,cyano,False,55,85,Rhythmic and sustained oscillations in metabolism and gene expression of Cyanothece sp. ATCC 51142 under constant light,"Gaudana, Frontiers in microbiology 2013",,PMC3854555,,2013
PMT9312_0549,pro,Synechocystis sp. (strain ATCC 27184 / PCC 6803 / Kazusa),Synechocystis,cyano,False,54,85,Spontaneous non-canonical assembly of CcmK hexameric components from β-carboxysome shells of cyanobacteria,"Garcia-Alles, PloS one 2017",,PMC5608322,,2017
PMT9312_0549,pro,Synechocystis sp. (strain ATCC 27184 / PCC 6803 / Kazusa),Synechocystis,cyano,False,54,85,Impact of SliP4 deletion on the high-light acclimation in Synechocystis sp. PCC 6803,"Alvarenga-Lucius, microLife 2026",,PMC12850537,,2026
PMT9312_0549,pro,Synechocystis sp. (strain ATCC 27184 / PCC 6803 / Kazusa),Synechocystis,cyano,False,54,85,Glucose Uncouples Nitrogen Sensing From Chlorosis via a Photosynthetic Checkpoint in Synechocystis sp. PCC 6803,"Ortega-Martínez, Physiologia plantarum 2025",,PMC12638213,,2025
PMT9312_0549,pro,Synechocystis sp. (strain ATCC 27184 / PCC 6803 / Kazusa),Synechocystis,cyano,False,54,85,Site-2 protease Sll0528 interacts with RbcR to regulate carbon/nitrogen homeostasis in the cyanobacterium <i>Synechocystis</i> sp. PCC 6803,"Lin, Frontiers in microbiology 2025",,PMC12014562,,2025
PMT9312_0549,pro,Synechocystis sp. (strain ATCC 27184 / PCC 6803 / Kazusa),Synechocystis,cyano,False,54,85,sll1019 and slr1259 encoding glyoxalase II improve tolerance of Synechocystis sp. PCC 6803 to methylglyoxal- and ethanol- induced oxidative stress by glyoxalase pathway,"Ji, Applied and environmental microbiology 2024",,PMC11577758,,2024
PMT9312_0549,pro,Synechocystis sp. (strain ATCC 27184 / PCC 6803 / Kazusa),Synechocystis,cyano,False,54,85,Self-Assembly of Nanofilaments in Cyanobacteria for Protein Co-localization,"Zedler, ACS nano 2023",,PMC10754207,,2023
PMT9312_0549,pro,Synechocystis sp. (strain ATCC 27184 / PCC 6803 / Kazusa),Synechocystis,cyano,False,54,85,Deep Proteogenomics of a Photosynthetic Cyanobacterium,"Spät, Journal of proteome research 2023",,PMC10243305,,2023
PMT9312_0549,pro,Synechocystis sp. (strain ATCC 27184 / PCC 6803 / Kazusa),Synechocystis,cyano,False,54,85,Comparative Genomic Analysis Revealed Distinct Molecular Components and Organization of CO2-Concentrating Mechanism in Thermophilic Cyanobacteria,"Tang, Frontiers in microbiology 2022",,PMC9120777,,2022
PMT9312_0549,pro,Synechocystis sp. (strain ATCC 27184 / PCC 6803 / Kazusa),Synechocystis,cyano,False,54,85,Systematic and functional identification of small non-coding RNAs associated with exogenous biofuel stress in cyanobacterium Synechocystis sp. PCC 6803,"Pei, Biotechnology for biofuels 2017",,PMC5341163,,2017
PMT9312_0549,pro,Synechococcus sp. PCC 7002,Synechococcus,cyano,False,54,85,Transcription Profiling of the Model Cyanobacterium Synechococcus sp. Strain PCC 7002 by Next-Gen (SOLiD™) Sequencing of cDNA,"Ludwig, Frontiers in microbiology 2011",,PMC3133671,,2011
PMT9312_0549,pro,Synechococcus sp. JA-2-3B'a(2-13),Synechococcus,cyano,False,54,85,Role of polyphosphate in thermophilic Synechococcus sp. from microbial mats,"Gomez-Garcia, Journal of bacteriology 2013",,PMC3719534,,2013
PMT9312_0549,pro,Synechococcus sp. PCC 7002,Synechococcus,cyano,False,54,79,Transcription Profiling of the Model Cyanobacterium Synechococcus sp. Strain PCC 7002 by Next-Gen (SOLiD™) Sequencing of cDNA,"Ludwig, Frontiers in microbiology 2011",,PMC3133671,,2011
PMT9312_0549,pro,Acaryochloris marina MBIC11017,Acaryochloris,cyano,False,53,85,Integration of horizontally acquired light-harvesting genes into an ancestral regulatory network in the cyanobacterium Acaryochloris marina MBIC11017,"Ulrich, mBio 2024",,PMC11633204,,2024
PMT9312_0549,pro,Synechococcus sp. JA-2-3B'a(2-13),Synechococcus,cyano,False,54,78,Role of polyphosphate in thermophilic Synechococcus sp. from microbial mats,"Gomez-Garcia, Journal of bacteriology 2013",,PMC3719534,,2013
PMT9312_0549,pro,Synechococcus elongatus (strain ATCC 33912 / PCC 7942 / FACHB-805) (Anacystis nidulans R2),Synechococcus,cyano,False,54,85,Self-Assembly of Nanofilaments in Cyanobacteria for Protein Co-localization,"Zedler, ACS nano 2023",,PMC10754207,,2023
PMT9312_0549,pro,Synechococcus elongatus (strain ATCC 33912 / PCC 7942 / FACHB-805) (Anacystis nidulans R2),Synechococcus,cyano,False,54,85,"Elevated carbon dioxide levels lead to proteome-wide alterations for optimal growth of a fast-growing cyanobacterium, Synechococcus elongatus PCC 11801","Mehta, Scientific reports 2019",,PMC6472392,,2019
PMT9312_0549,pro,Synechococcus elongatus (strain ATCC 33912 / PCC 7942 / FACHB-805) (Anacystis nidulans R2),Synechococcus,cyano,False,54,85,Spontaneous non-canonical assembly of CcmK hexameric components from β-carboxysome shells of cyanobacteria,"Garcia-Alles, PloS one 2017",,PMC5608322,,2017
PMT9312_0549,pro,Synechococcus elongatus (strain ATCC 33912 / PCC 7942 / FACHB-805) (Anacystis nidulans R2),Synechococcus,cyano,False,54,85,Elucidating essential role of conserved carboxysomal protein CcmN reveals common feature of bacterial microcompartment assembly,"Kinney, The Journal of biological chemistry 2012",,PMC3366800,,2012
PMT9312_0549,pro,Synechococcus elongatus (strain ATCC 33912 / PCC 7942 / FACHB-805) (Anacystis nidulans R2),Synechococcus,cyano,False,54,85,Self-Assembly of Nanofilaments in Cyanobacteria for Protein Co-localization,"Zedler, ACS nano 2023",,PMC10754207,,2023
PMT9312_0549,pro,Synechococcus elongatus (strain ATCC 33912 / PCC 7942 / FACHB-805) (Anacystis nidulans R2),Synechococcus,cyano,False,54,85,Origin and Evolution of Carboxysome Positioning Systems in Cyanobacteria,"MacCready, Molecular biology and evolution 2020",,PMC7182216,,2020
PMT9312_0549,pro,Synechococcus elongatus (strain ATCC 33912 / PCC 7942 / FACHB-805) (Anacystis nidulans R2),Synechococcus,cyano,False,54,85,Blueprint for a minimal photoautotrophic cell: conserved and variable genes in Synechococcus elongatus PCC 7942,"Delaye, BMC genomics 2011",,PMC3025956,,2011
PMT9312_0549,pro,Nostoc sp. PCC 7120,Nostoc,cyano,False,54,85,The effects of secondary bacterial metabolites on photosynthesis in microalgae cells,"Koksharova, Biophysical reviews 2022",,PMC9481811,,2022
PMT9312_0549,pro,Nostoc sp. PCC 7120,Nostoc,cyano,False,54,85,Proteomic Insights into Starvation of Nitrogen-Replete Cells of Nostoc sp. PCC 7120 under β-N-Methylamino-L-Alanine (BMAA) Treatment,"Koksharova, Toxins 2020",,PMC7354497,,2020
PMT9312_0549,pro,Nostoc sp. PCC 7120,Nostoc,cyano,False,54,85,RcaE-Dependent Regulation of Carboxysome Structural Proteins Has a Central Role in Environmental Determination of Carboxysome Morphology and Abundance in Fremyella diplosiphon,"Rohnke, mSphere 2018",,PMC5784247,,2018
PMT9312_0549,pro,Acaryochloris marina MBIC11017,Acaryochloris,cyano,False,53,77,Integration of horizontally acquired light-harvesting genes into an ancestral regulatory network in the cyanobacterium Acaryochloris marina MBIC11017,"Ulrich, mBio 2024",,PMC11633204,,2024
PMT9312_0549,pro,Anabaena variabilis ATCC 29413,Anabaena,cyano,False,53,77,RcaE-Dependent Regulation of Carboxysome Structural Proteins Has a Central Role in Environmental Determination of Carboxysome Morphology and Abundance in Fremyella diplosiphon,"Rohnke, mSphere 2018",,PMC5784247,,2018
PMT9312_0549,pro,Thermosynechococcus vestitus (strain NIES-2133 / IAM M-273 / BP-1),Thermosynechococcus,cyano,False,54,78,A Genetic Toolbox for the New Model Cyanobacterium Cyanothece PCC 7425: A Case Study for the Photosynthetic Production of Limonene,"Chenebault, Frontiers in microbiology 2020",,PMC7530172,,2020
PMT9312_0549,pro,Thermosynechococcus vestitus (strain NIES-2133 / IAM M-273 / BP-1),Thermosynechococcus,cyano,False,54,78,Indirect Interspecies Regulation: Transcriptional and Physiological Responses of a Cyanobacterium to Heterotrophic Partnership,"Bernstein, mSystems 2017",,PMC5340862,,2017
PMT9312_0549,pro,Synechocystis sp. (strain ATCC 27184 / PCC 6803 / Kazusa),Synechocystis,cyano,False,52,79,Site-2 protease Sll0528 interacts with RbcR to regulate carbon/nitrogen homeostasis in the cyanobacterium <i>Synechocystis</i> sp. PCC 6803,"Lin, Frontiers in microbiology 2025",,PMC12014562,,2025
PMT9312_0549,pro,Synechocystis sp. (strain ATCC 27184 / PCC 6803 / Kazusa),Synechocystis,cyano,False,52,79,Comparative Genomic Analysis Revealed Distinct Molecular Components and Organization of CO2-Concentrating Mechanism in Thermophilic Cyanobacteria,"Tang, Frontiers in microbiology 2022",,PMC9120777,,2022
PMT9312_0549,pro,Synechocystis sp. (strain ATCC 27184 / PCC 6803 / Kazusa),Synechocystis,cyano,False,52,79,Identification of the direct regulon of NtcA during early acclimation to nitrogen starvation in the cyanobacterium Synechocystis sp. PCC 6803,"Giner-Lamia, Nucleic acids research 2017",,PMC5714215,,2017
PMT9312_0549,pro,Synechocystis sp. (strain ATCC 27184 / PCC 6803 / Kazusa),Synechocystis,cyano,False,52,79,Exploring Components of the CO2-Concentrating Mechanism in Alkaliphilic Cyanobacteria Through Genome-Based Analysis,"Klanchui, Computational and structural biotechnology journal 2017",,PMC5472144,,2017
PMT9312_0549,pro,Synechocystis sp. (strain ATCC 27184 / PCC 6803 / Kazusa),Synechocystis,cyano,False,52,79,Insights into isoprene production using the cyanobacterium Synechocystis sp. PCC 6803,"Pade, Biotechnology for biofuels 2016",,PMC4836186,,2016
PMT9312_0549,pro,Synechocystis sp. (strain ATCC 27184 / PCC 6803 / Kazusa),Synechocystis,cyano,False,52,79,"Structural determinants of the outer shell of β-carboxysomes in Synechococcus elongatus PCC 7942: roles for CcmK2, K3-K4, CcmO, and CcmL","Rae, PloS one 2012",,PMC3425506,,2012
PMT9312_0549,pro,Synechocystis sp. (strain ATCC 27184 / PCC 6803 / Kazusa),Synechocystis,cyano,False,52,79,Gene expression patterns of sulfur starvation in Synechocystis sp. PCC 6803,"Zhang, BMC genomics 2008",,PMC2491639,,2008
PMT9312_0549,pro,Synechocystis sp. (strain ATCC 27184 / PCC 6803 / Kazusa),Synechocystis,cyano,False,52,79,Global transcriptional response of the alkali-tolerant cyanobacterium Synechocystis sp. strain PCC 6803 to a pH 10 environment,"Summerfield, Applied and environmental microbiology 2008",,PMC2546634,,2008
PMT9312_0549,pro,Synechocystis sp. (strain ATCC 27184 / PCC 6803 / Kazusa),Synechocystis,cyano,False,52,79,Self-Assembly of Nanofilaments in Cyanobacteria for Protein Co-localization,"Zedler, ACS nano 2023",,PMC10754207,,2023
PMT9312_0549,pro,Synechocystis sp. (strain ATCC 27184 / PCC 6803 / Kazusa),Synechocystis,cyano,False,52,79,Spontaneous non-canonical assembly of CcmK hexameric components from β-carboxysome shells of cyanobacteria,"Garcia-Alles, PloS one 2017",,PMC5608322,,2017
PMT9312_0549,pro,Leptolyngbya boryana CZ1,Leptolyngbya,cyano,False,44,75,Genomic Analysis of Leptolyngbya boryana CZ1 Reveals Efficient Carbon Fixation Modules,"Bai, Plants (Basel, Switzerland) 2023",,PMC10536570,,2023
PMT9312_0549,pro,Synechocystis sp. PCC 6803,Synechocystis,cyano,False,37,31,Differences in photosystem II activity and carbon allocation during photomixotrophic growth in distinct wild-type strains of Synechocystis sp. PCC 6803,"Huokko, The Plant journal : for cell and molecular biology 2026",,PMC12831587,,2026
PMT9312_0549,pro,Synechocystis sp. PCC 6803,Synechocystis,cyano,False,37,31,Comparative Genomic Analysis Revealed Distinct Molecular Components and Organization of CO2-Concentrating Mechanism in Thermophilic Cyanobacteria,"Tang, Frontiers in microbiology 2022",,PMC9120777,,2022
PMT9312_0549,pro,Synechocystis sp. PCC 6803,Synechocystis,cyano,False,37,31,Complex structure reveals CcmM and CcmN form a heterotrimeric adaptor in β-carboxysome,"Sun, Protein science : a publication of the Protein Society 2021",,PMC8284570,,2021
PMT9312_0549,pro,Synechocystis sp. PCC 6803,Synechocystis,cyano,False,37,31,Exploring Components of the CO2-Concentrating Mechanism in Alkaliphilic Cyanobacteria Through Genome-Based Analysis,"Klanchui, Computational and structural biotechnology journal 2017",,PMC5472144,,2017
PMT9312_0549,pro,Synechocystis sp. PCC 6803,Synechocystis,cyano,False,37,31,Proteomic analysis reveals resistance mechanism against biofuel hexane in Synechocystis sp. PCC 6803,"Liu, Biotechnology for biofuels 2012",,PMC3479031,,2012
PMT9312_0549,pro,Synechocystis sp. PCC 6803,Synechocystis,cyano,False,37,31,Gene expression patterns of sulfur starvation in Synechocystis sp. PCC 6803,"Zhang, BMC genomics 2008",,PMC2491639,,2008
PMT9312_0549,pro,Synechocystis sp. PCC 6803,Synechocystis,cyano,False,37,31,A multiprotein bicarbonate dehydration complex essential to carboxysome function in cyanobacteria,"Cot, Journal of bacteriology 2008",,PMC2223583,,2008
PMT9312_0549,pro,Synechocystis sp. PCC 6803,Synechocystis,cyano,False,37,31,Global transcriptional response of the alkali-tolerant cyanobacterium Synechocystis sp. strain PCC 6803 to a pH 10 environment,"Summerfield, Applied and environmental microbiology 2008",,PMC2546634,,2008
PMT9312_0549,pro,Synechococcus elongatus (strain ATCC 33912 / PCC 7942 / FACHB-805) (Anacystis nidulans R2),Synechococcus,cyano,False,47,28,"The propanediol utilization (pdu) operon of Salmonella enterica serovar Typhimurium LT2 includes genes necessary for formation of polyhedral organelles involved in coenzyme B(12)-dependent 1, 2-propanediol degradation","Bobik, Journal of bacteriology 1999",,PMC103623,,1999
PMT9312_0549,pro,Synechococcus elongatus (strain ATCC 33912 / PCC 7942 / FACHB-805) (Anacystis nidulans R2),Synechococcus,cyano,False,47,28,Origin and Evolution of Carboxysome Positioning Systems in Cyanobacteria,"MacCready, Molecular biology and evolution 2020",,PMC7182216,,2020
PMT9312_0549,pro,Synechococcus sp. PCC 7002,Synechococcus,cyano,False,38,34,Transcription Profiling of the Model Cyanobacterium Synechococcus sp. Strain PCC 7002 by Next-Gen (SOLiD™) Sequencing of cDNA,"Ludwig, Frontiers in microbiology 2011",,PMC3133671,,2011
PMT9312_0549,pro,Nostoc sp. PCC 7120 = FACHB-418,Nostoc,cyano,False,42,73,Proteomic Insights into Starvation of Nitrogen-Replete Cells of Nostoc sp. PCC 7120 under β-N-Methylamino-L-Alanine (BMAA) Treatment,"Koksharova, Toxins 2020",,PMC7354497,,2020
PMT9312_0549,pro,Nostoc sp. PCC 7120 = FACHB-418,Nostoc,cyano,False,42,73,The First Proteomics Study of Nostoc sp. PCC 7120 Exposed to Cyanotoxin BMAA under Nitrogen Starvation,"Koksharova, Toxins 2020",,PMC7290344,,2020
PMT9312_0549,pro,Nostoc sp. PCC 7120 = FACHB-418,Nostoc,cyano,False,42,73,Computational prediction of cAMP receptor protein (CRP) binding sites in cyanobacterial genomes,"Xu, BMC genomics 2009",,PMC2633013,,2009
PMT9312_0549,pro,Anabaena variabilis ATCC 29413,Anabaena,cyano,False,42,73,RcaE-Dependent Regulation of Carboxysome Structural Proteins Has a Central Role in Environmental Determination of Carboxysome Morphology and Abundance in Fremyella diplosiphon,"Rohnke, mSphere 2018",,PMC5784247,,2018
PMT9312_0549,pro,Leptolyngbya boryana CZ1,Leptolyngbya,cyano,False,38,32,Genomic Analysis of Leptolyngbya boryana CZ1 Reveals Efficient Carbon Fixation Modules,"Bai, Plants (Basel, Switzerland) 2023",,PMC10536570,,2023
PMT9312_0549,pro,Anabaena variabilis ATCC 29413,Anabaena,cyano,False,42,33,RcaE-Dependent Regulation of Carboxysome Structural Proteins Has a Central Role in Environmental Determination of Carboxysome Morphology and Abundance in Fremyella diplosiphon,"Rohnke, mSphere 2018",,PMC5784247,,2018
PMT9312_0549,pro,Synechococcus elongatus (strain ATCC 33912 / PCC 7942 / FACHB-805) (Anacystis nidulans R2),Synechococcus,cyano,False,36,73,Origin and Evolution of Carboxysome Positioning Systems in Cyanobacteria,"MacCready, Molecular biology and evolution 2020",,PMC7182216,,2020
PMT9312_0549,pro,Synechococcus elongatus (strain ATCC 33912 / PCC 7942 / FACHB-805) (Anacystis nidulans R2),Synechococcus,cyano,False,36,73,Metabolite interactions in the bacterial Calvin cycle and implications for flux regulation,"Sporre, Communications biology 2023",,PMC10507043,,2023
PMT9312_0549,pro,Synechococcus elongatus (strain ATCC 33912 / PCC 7942 / FACHB-805) (Anacystis nidulans R2),Synechococcus,cyano,False,36,73,Self-Assembly of Nanofilaments in Cyanobacteria for Protein Co-localization,"Zedler, ACS nano 2023",,PMC10754207,,2023
PMT9312_0549,pro,Synechococcus sp. PCC 7002,Synechococcus,cyano,False,39,73,Transcription Profiling of the Model Cyanobacterium Synechococcus sp. Strain PCC 7002 by Next-Gen (SOLiD™) Sequencing of cDNA,"Ludwig, Frontiers in microbiology 2011",,PMC3133671,,2011
PMT9312_0549,pro,Synechocystis sp. (strain ATCC 27184 / PCC 6803 / Kazusa),Synechocystis,cyano,False,39,72,Spontaneous non-canonical assembly of CcmK hexameric components from β-carboxysome shells of cyanobacteria,"Garcia-Alles, PloS one 2017",,PMC5608322,,2017
PMT9312_0549,pro,Synechocystis sp. (strain ATCC 27184 / PCC 6803 / Kazusa),Synechocystis,cyano,False,39,72,Comparative Genomic Analysis Revealed Distinct Molecular Components and Organization of CO2-Concentrating Mechanism in Thermophilic Cyanobacteria,"Tang, Frontiers in microbiology 2022",,PMC9120777,,2022
PMT9312_0549,pro,Synechocystis sp. (strain ATCC 27184 / PCC 6803 / Kazusa),Synechocystis,cyano,False,39,72,Exploring Components of the CO2-Concentrating Mechanism in Alkaliphilic Cyanobacteria Through Genome-Based Analysis,"Klanchui, Computational and structural biotechnology journal 2017",,PMC5472144,,2017
PMT9312_0549,pro,Synechocystis sp. (strain ATCC 27184 / PCC 6803 / Kazusa),Synechocystis,cyano,False,39,72,"Diurnal Regulation of Cellular Processes in the Cyanobacterium Synechocystis sp. Strain PCC 6803: Insights from Transcriptomic, Fluxomic, and Physiological Analyses","Saha, mBio 2016",,PMC4959675,,2016
PMT9312_0549,pro,Synechocystis sp. (strain ATCC 27184 / PCC 6803 / Kazusa),Synechocystis,cyano,False,39,72,Proteomic analysis reveals resistance mechanism against biofuel hexane in Synechocystis sp. PCC 6803,"Liu, Biotechnology for biofuels 2012",,PMC3479031,,2012
PMT9312_0549,pro,Synechocystis sp. (strain ATCC 27184 / PCC 6803 / Kazusa),Synechocystis,cyano,False,39,72,Computational prediction of cAMP receptor protein (CRP) binding sites in cyanobacterial genomes,"Xu, BMC genomics 2009",,PMC2633013,,2009
PMT9312_0549,pro,Synechocystis sp. (strain ATCC 27184 / PCC 6803 / Kazusa),Synechocystis,cyano,False,39,72,A multiprotein bicarbonate dehydration complex essential to carboxysome function in cyanobacteria,"Cot, Journal of bacteriology 2008",,PMC2223583,,2008
PMT9312_0549,pro,Synechocystis sp. (strain ATCC 27184 / PCC 6803 / Kazusa),Synechocystis,cyano,False,39,72,Global transcriptional response of the alkali-tolerant cyanobacterium Synechocystis sp. strain PCC 6803 to a pH 10 environment,"Summerfield, Applied and environmental microbiology 2008",,PMC2546634,,2008
PMT9312_0549,pro,Synechocystis sp. (strain ATCC 27184 / PCC 6803 / Kazusa),Synechocystis,cyano,False,39,72,Four novel genes required for optimal photoautotrophic growth of the cyanobacterium Synechocystis sp. strain PCC 6803 identified by in vitro transposon mutagenesis,"Zhang, Journal of bacteriology 2004",,PMC321504,,2004
PMT9312_0549,pro,Crocosphaera subtropica (strain ATCC 51142 / BH68),Crocosphaera,cyano,False,35,75,"Web-based software for rapid top-down proteomic identification of protein biomarkers, with implications for bacterial identification.","Fagerquist, Applied and environmental microbiology 2009",,PMC2704838,,2009
PMT9312_0549,pro,Synechococcus sp. PCC 7002,Synechococcus,cyano,False,39,73,Transcription Profiling of the Model Cyanobacterium Synechococcus sp. Strain PCC 7002 by Next-Gen (SOLiD™) Sequencing of cDNA,"Ludwig, Frontiers in microbiology 2011",,PMC3133671,,2011
PMT9312_0550,pro,Parasynechococcus marenigrum (strain WH8102),Parasynechococcus,cyano,True,94,100,Computational inference and experimental validation of the nitrogen assimilation regulatory network in cyanobacterium Synechococcus sp. WH 8102,"Su, Nucleic acids research 2006",,PMC1363776,,2006
PMT9312_0550,pro,Cyanobium gracile (strain ATCC 27147 / PCC 6307),Cyanobium,cyano,True,94,100,Red Rubiscos and opportunities for engineering green plants,"Oh, Journal of experimental botany 2023",,PMC9833100,,2023
PMT9312_0550,pro,Synechococcus sp. PCC 7002,Synechococcus,cyano,False,75,99,Direct interaction between marine cyanobacteria mediated by nanotubes,"Angulo-Cánovas, Science advances 2024",,PMC11114229,,2024
PMT9312_0550,pro,Synechococcus sp. PCC 7002,Synechococcus,cyano,False,75,99,The response of Synechococcus sp. PCC 7002 to micro-/nano polyethylene particles - Investigation of a key anthropogenic stressor,"Machado, PloS one 2020",,PMC7329024,,2020
PMT9312_0550,pro,Synechococcus sp. PCC 7002,Synechococcus,cyano,False,75,99,Genetic tools for advancement of Synechococcus sp. PCC 7002 as a cyanobacterial chassis,"Ruffing, Microbial cell factories 2016",,PMC5105302,,2016
PMT9312_0550,pro,Synechococcus sp. PCC 7002,Synechococcus,cyano,False,75,99,Transcription Profiling of the Model Cyanobacterium Synechococcus sp. Strain PCC 7002 by Next-Gen (SOLiD™) Sequencing of cDNA,"Ludwig, Frontiers in microbiology 2011",,PMC3133671,,2011
PMT9312_0550,pro,Halomicronema hongdechloris C2206,Halomicronema,cyano,False,74,97,Genome and proteome of the chlorophyll f-producing cyanobacterium Halomicronema hongdechloris: adaptative proteomic shifts under different light conditions,"Chen, BMC genomics 2019",,PMC6416890,,2019
PMT9312_0550,pro,Synechococcus sp. JA-2-3B'a(2-13),Synechococcus,cyano,False,75,98,"In situ dynamics of O2, pH and cyanobacterial transcripts associated with CCM, photosynthesis and detoxification of ROS","Jensen, The ISME journal 2011",,PMC3105686,,2011
PMT9312_0550,pro,Synechococcus sp. (strain ATCC 27144 / PCC 6301 / SAUG 1402/1) (Anacystis nidulans),Synechococcus,cyano,False,74,98,Elucidating essential role of conserved carboxysomal protein CcmN reveals common feature of bacterial microcompartment assembly,"Kinney, The Journal of biological chemistry 2012",,PMC3366800,,2012
PMT9312_0550,pro,Synechococcus sp. (strain ATCC 27144 / PCC 6301 / SAUG 1402/1) (Anacystis nidulans),Synechococcus,cyano,False,74,98,"Unusual ribulose 1,5-bisphosphate carboxylase/oxygenase of anoxic Archaea","Watson, Journal of bacteriology 1999",,PMC93548,,1999
PMT9312_0550,pro,Synechococcus sp. (strain ATCC 27144 / PCC 6301 / SAUG 1402/1) (Anacystis nidulans),Synechococcus,cyano,False,74,98,CyanoTag: Discovery of protein function facilitated by high-throughput endogenous tagging in a photosynthetic prokaryote,"Perrin, Science advances 2025",,PMC11804935,,2025
PMT9312_0550,pro,Synechococcus sp. (strain ATCC 27144 / PCC 6301 / SAUG 1402/1) (Anacystis nidulans),Synechococcus,cyano,False,74,98,Insufficient Acetyl-CoA Pool Restricts the Phototrophic Production of Organic Acids in Model Cyanobacteria,"You, International journal of molecular sciences 2024",,PMC11546870,,2024
PMT9312_0550,pro,Synechococcus sp. (strain ATCC 27144 / PCC 6301 / SAUG 1402/1) (Anacystis nidulans),Synechococcus,cyano,False,74,98,Origin and Evolution of Carboxysome Positioning Systems in Cyanobacteria,"MacCready, Molecular biology and evolution 2020",,PMC7182216,,2020
PMT9312_0550,pro,Synechococcus sp. (strain ATCC 27144 / PCC 6301 / SAUG 1402/1) (Anacystis nidulans),Synechococcus,cyano,False,74,98,Rubisco accumulation factor 1 (Raf1) plays essential roles in mediating Rubisco assembly and carboxysome biogenesis,"Huang, Proceedings of the National Academy of Sciences of the United States of America 2020",,PMC7382273,,2020
PMT9312_0550,pro,Synechococcus sp. (strain ATCC 27144 / PCC 6301 / SAUG 1402/1) (Anacystis nidulans),Synechococcus,cyano,False,74,98,Roles of RbcX in Carboxysome Biosynthesis in the Cyanobacterium Synechococcus elongatus PCC7942,"Huang, Plant physiology 2019",,PMC6324234,,2019
PMT9312_0550,pro,Synechococcus sp. (strain ATCC 27144 / PCC 6301 / SAUG 1402/1) (Anacystis nidulans),Synechococcus,cyano,False,74,98,Unique attributes of cyanobacterial metabolism revealed by improved genome-scale metabolic modeling and essential gene analysis,"Broddrick, Proceedings of the National Academy of Sciences of the United States of America 2016",,PMC5187688,,2016
PMT9312_0550,pro,Synechococcus sp. (strain ATCC 27144 / PCC 6301 / SAUG 1402/1) (Anacystis nidulans),Synechococcus,cyano,False,74,98,Blueprint for a minimal photoautotrophic cell: conserved and variable genes in Synechococcus elongatus PCC 7942,"Delaye, BMC genomics 2011",,PMC3025956,,2011
PMT9312_0550,pro,Trichormus variabilis ATCC 29413,Trichormus,cyano,False,75,97,"Cell-specific gene expression in Anabaena variabilis grown phototrophically, mixotrophically, and heterotrophically","Park, BMC genomics 2013",,PMC4046671,,2013
PMT9312_0550,pro,Trichormus variabilis ATCC 29413,Trichormus,cyano,False,75,97,RcaE-Dependent Regulation of Carboxysome Structural Proteins Has a Central Role in Environmental Determination of Carboxysome Morphology and Abundance in Fremyella diplosiphon,"Rohnke, mSphere 2018",,PMC5784247,,2018
PMT9312_0550,pro,Phormidium pseudopriestleyi FRX01,Phormidium,cyano,False,73,97,Characterization of cyanobacterial isolates from freshwater and saline subtropical desert lakes,"Shawer, Folia microbiologica 2023",,PMC10205856,,2023
PMT9312_0550,pro,Gloeothece verrucosa PCC 7822,Gloeothece,cyano,False,73,98,"Transcriptomic and proteomic dynamics in the metabolism of a diazotrophic cyanobacterium, Cyanothece sp. PCC 7822 during a diurnal light-dark cycle","Welkie, BMC genomics 2014",,PMC4320622,,2014
PMT9312_0550,pro,Synechocystis sp. (strain ATCC 27184 / PCC 6803 / Kazusa),Synechocystis,cyano,False,74,98,Different Regulatory Modes of Synechocystis sp. PCC 6803 in Response to Photosynthesis Inhibitory Conditions,"Cho, mSystems 2021",,PMC8651088,,2021
PMT9312_0550,pro,Synechocystis sp. (strain ATCC 27184 / PCC 6803 / Kazusa),Synechocystis,cyano,False,74,98,A Cyanobacterial Screening Platform for Rubisco Mutant Variants,"Hoffmann, ACS synthetic biology 2025",,PMC12313052,,2025
PMT9312_0550,pro,Synechocystis sp. (strain ATCC 27184 / PCC 6803 / Kazusa),Synechocystis,cyano,False,74,98,Characterization of cyanobacterial isolates from freshwater and saline subtropical desert lakes,"Shawer, Folia microbiologica 2023",,PMC10205856,,2023
PMT9312_0550,pro,Synechocystis sp. (strain ATCC 27184 / PCC 6803 / Kazusa),Synechocystis,cyano,False,74,98,CyanoConstruct: simple platform for cyanobacterial expression construct assembly and translational tuning,"Venero, BMC biotechnology 2026",,PMC13041217,,2026
PMT9312_0550,pro,Synechocystis sp. (strain ATCC 27184 / PCC 6803 / Kazusa),Synechocystis,cyano,False,74,98,Differences in photosystem II activity and carbon allocation during photomixotrophic growth in distinct wild-type strains of Synechocystis sp. PCC 6803,"Huokko, The Plant journal : for cell and molecular biology 2026",,PMC12831587,,2026
PMT9312_0550,pro,Synechocystis sp. (strain ATCC 27184 / PCC 6803 / Kazusa),Synechocystis,cyano,False,74,98,Glucose Uncouples Nitrogen Sensing From Chlorosis via a Photosynthetic Checkpoint in Synechocystis sp. PCC 6803,"Ortega-Martínez, Physiologia plantarum 2025",,PMC12638213,,2025
PMT9312_0550,pro,Synechocystis sp. (strain ATCC 27184 / PCC 6803 / Kazusa),Synechocystis,cyano,False,74,98,Site-2 protease Sll0528 interacts with RbcR to regulate carbon/nitrogen homeostasis in the cyanobacterium <i>Synechocystis</i> sp. PCC 6803,"Lin, Frontiers in microbiology 2025",,PMC12014562,,2025
PMT9312_0550,pro,Synechocystis sp. (strain ATCC 27184 / PCC 6803 / Kazusa),Synechocystis,cyano,False,74,98,Deep Proteogenomics of a Photosynthetic Cyanobacterium,"Spät, Journal of proteome research 2023",,PMC10243305,,2023
PMT9312_0550,pro,Synechocystis sp. (strain ATCC 27184 / PCC 6803 / Kazusa),Synechocystis,cyano,False,74,98,Site-2 Protease Slr1821 Regulates Carbon/Nitrogen Homeostasis during Ammonium Stress Acclimation in Cyanobacterium Synechocystis sp. PCC 6803,"Lin, International journal of molecular sciences 2023",,PMC10094980,,2023
PMT9312_0550,pro,Synechocystis sp. (strain ATCC 27184 / PCC 6803 / Kazusa),Synechocystis,cyano,False,74,98,Increased Biomass and Polyhydroxybutyrate Production by Synechocystis sp. PCC 6803 Overexpressing RuBisCO Genes,"Tharasirivat, International journal of molecular sciences 2023",,PMC10094337,,2023
PMT9312_0550,pro,Synechocystis sp. (strain ATCC 27184 / PCC 6803 / Kazusa),Synechocystis,cyano,False,74,98,Comparative Genomic Analysis Revealed Distinct Molecular Components and Organization of CO2-Concentrating Mechanism in Thermophilic Cyanobacteria,"Tang, Frontiers in microbiology 2022",,PMC9120777,,2022
PMT9312_0550,pro,Crocosphaera subtropica ATCC 51142,Crocosphaera,cyano,False,74,98,Proteomic analysis of metabolic adaptation in a unicellular cyanobacterium during light-dark cycles and nitrogen fixation,"Panda, Scientific reports 2025",,PMC12518598,,2025
PMT9312_0550,pro,Crocosphaera subtropica ATCC 51142,Crocosphaera,cyano,False,74,98,Analysis of Protein Complexes in the Unicellular Cyanobacterium Cyanothece ATCC 51142,"Aryal, Journal of proteome research 2018",,PMC6400067,,2018
PMT9312_0550,pro,Crocosphaera subtropica ATCC 51142,Crocosphaera,cyano,False,74,98,Rhythmic and sustained oscillations in metabolism and gene expression of Cyanothece sp. ATCC 51142 under constant light,"Gaudana, Frontiers in microbiology 2013",,PMC3854555,,2013
PMT9312_0550,pro,Microcystis sp. LEGE 08355,Microcystis,cyano,False,73,99,Inhibitory mechanisms of Acacia mearnsii extracts on the growth of Microcystis aeruginosa.,"Liu, Water science and technology : a journal of the International Association on Water Pollution Research 2015 ( PubMed",10.2166/wst.2015.038,,,2015
PMT9312_0550,pro,Microcystis sp. LEGE 08355,Microcystis,cyano,False,73,99,Analyses of gene expression and physiological changes in Microcystis aeruginosa reveal the phytotoxicities of three environmental pollutants.,"Qian, Ecotoxicology (London, England) 2012 ( PubMed )",10.1007/s10646-011-0845-4,,,2012
PMT9312_0550,pro,Arthrospira maxima CS-328,Arthrospira,cyano,False,72,97,Proteomic analysis and qRT-PCR verification of temperature response to Arthrospira (Spirulina) platensis,"Huili, PloS one 2013",,PMC3861494,,2013
PMT9312_0550,pro,Arthrospira maxima CS-328,Arthrospira,cyano,False,72,97,Comparison of Protein Extracts from Various Unicellular Green Sources.,"Teuling, Journal of agricultural and food chemistry 2017",,PMC5599872,,2017
Pro0418,pro,Prochlorococcus marinus (strain SARG / CCMP1375 / SS120),Prochlorococcus,cyano,True,100,100,Integrated Proteomic and Metabolomic Analyses Show Differential Effects of Glucose Availability in Marine <i>Synechococcus</i> and <i>Prochlorococcus</i>,"Moreno-Cabezuelo, Microbiology spectrum 2023",,PMC10100731,,2023
Pro0418,pro,Prochlorococcus marinus (strain SARG / CCMP1375 / SS120),Prochlorococcus,cyano,True,100,100,"Genome sequence of the cyanobacterium Prochlorococcus marinus SS120, a nearly minimal oxyphototrophic genome","Dufresne, Proceedings of the National Academy of Sciences of the United States of America 2003",,PMC187748,,2003
Pro0418,pro,Parasynechococcus marenigrum (strain WH8102),Parasynechococcus,cyano,True,58,98,Integrated Proteomic and Metabolomic Analyses Show Differential Effects of Glucose Availability in Marine Synechococcus and Prochlorococcus.,"Moreno-Cabezuelo, Microbiology spectrum 2023",,PMC10100731,,2023
BL107_07454,syn,Synechocystis sp. PCC 6803,Synechocystis,cyano,False,62,83,Diurnal rhythm causes metabolic crises in the cyanobacterial mutants of c-di-AMP signaling cascade,"Haffner, iScience 2025",,PMC12454622,,2025
BL107_07454,syn,Synechocystis sp. PCC 6803,Synechocystis,cyano,False,62,83,Universal Molecular Triggers of Stress Responses in Cyanobacterium Synechocystis,"Mironov, Life (Basel, Switzerland) 2019",,PMC6789579,,2019
BL107_07454,syn,Synechocystis sp. PCC 6803,Synechocystis,cyano,False,62,83,Proteomic analysis reveals resistance mechanism against biofuel hexane in Synechocystis sp. PCC 6803,"Liu, Biotechnology for biofuels 2012",,PMC3479031,,2012
BL107_07454,syn,Synechocystis sp. PCC 6803,Synechocystis,cyano,False,62,83,"Iron deprivation in Synechocystis: inference of pathways, non-coding RNAs, and regulatory elements from comprehensive expression profiling","Hernández-Prieto, G3 (Bethesda, Md.) 2012",,PMC3516471,,2012
BL107_07454,syn,Synechocystis sp. PCC 6803,Synechocystis,cyano,False,62,83,Integrative analysis of large scale expression profiles reveals core transcriptional response and coordination between multiple cellular processes in a cyanobacterium,"Singh, BMC systems biology 2010",,PMC2924297,,2010
BL107_07454,syn,Synechocystis sp. PCC 6803,Synechocystis,cyano,False,62,83,Differential gene expression in response to hydrogen peroxide and the putative PerR regulon of Synechocystis sp. strain PCC 6803,"Li, Journal of bacteriology 2004",,PMC415769,,2004
BL107_07454,syn,Synechocystis sp. PCC 6803,Synechocystis,cyano,False,62,83,Highly expressed and alien genes of the Synechocystis genome,"Mrázek, Nucleic acids research 2001",,PMC31270,,2001
BL107_07454,syn,Cyanothece sp. PCC 7425,Cyanothece,cyano,False,62,84,A freshwater cyanophage whose genome indicates close relationships to photosynthetic marine cyanomyophages,"Dreher, Environmental microbiology 2011",,PMC4185292,,2011
BL107_11441,syn,Synechococcus sp. WH 8102,Synechococcus,cyano,True,82,99,Examination of microbial proteome preservation techniques applicable to autonomous environmental sample collection,"Saito, Frontiers in microbiology 2011",,PMC3209654,,2011
BL107_11441,syn,Synechococcus sp. CC9311,Synechococcus,cyano,True,72,98,Coastal strains of marine Synechococcus species exhibit increased tolerance to copper shock and a distinctive transcriptional response relative to those of open-ocean strains,"Stuart, Applied and environmental microbiology 2009",,PMC2725496,,2009
BL107_11441,syn,Synechococcus sp. WH 8102,Synechococcus,cyano,True,75,100,Coastal strains of marine Synechococcus species exhibit increased tolerance to copper shock and a distinctive transcriptional response relative to those of open-ocean strains,"Stuart, Applied and environmental microbiology 2009",,PMC2725496,,2009
BL107_11441,syn,Cyanothece sp. ATCC 51142,Cyanothece,cyano,False,50,93,Dinitrogenase-Driven Photobiological Hydrogen Production Combats Oxidative Stress in Cyanothece sp. Strain ATCC 51142,"Sadler, Applied and environmental microbiology 2016",,PMC5118933,,2016
BL107_11441,syn,Cyanothece sp. ATCC 51142,Cyanothece,cyano,False,50,93,"The AbrB2 autorepressor, expressed from an atypical promoter, represses the hydrogenase operon to regulate hydrogen production in Synechocystis strain PCC6803","Dutheil, Journal of bacteriology 2012",,PMC3457224,,2012
BL107_11441,syn,Synechocystis sp. PCC 6803,Synechocystis,cyano,False,52,94,CyAbrB2 is a nucleoid-associated protein in Synechocystis controlling hydrogenase expression during fermentation,"Kariyazono, eLife 2024",,PMC11368403,,2024
BL107_11441,syn,Synechocystis sp. PCC 6803,Synechocystis,cyano,False,52,94,Deep Proteogenomics of a Photosynthetic Cyanobacterium,"Spät, Journal of proteome research 2023",,PMC10243305,,2023
BL107_11441,syn,Synechocystis sp. PCC 6803,Synechocystis,cyano,False,52,94,Site-2 Protease Slr1821 Regulates Carbon/Nitrogen Homeostasis during Ammonium Stress Acclimation in Cyanobacterium Synechocystis sp. PCC 6803,"Lin, International journal of molecular sciences 2023",,PMC10094980,,2023
BL107_11441,syn,Synechocystis sp. PCC 6803,Synechocystis,cyano,False,52,94,Expression of the Cyanobacterial F<sub>o</sub>F<sub>1</sub> ATP Synthase Regulator AtpΘ Depends on Small DNA-Binding Proteins and Differential mRNA Stability,"Song, Microbiology spectrum 2022",,PMC9241938,,2022
BL107_11441,syn,Synechocystis sp. PCC 6803,Synechocystis,cyano,False,52,94,Structural Determinants and Their Role in Cyanobacterial Morphogenesis,"Springstein, Life (Basel, Switzerland) 2020",,PMC7766704,,2020
BL107_11441,syn,Synechocystis sp. PCC 6803,Synechocystis,cyano,False,52,94,Transcriptome Analysis Reveals IsiA-Regulatory Mechanisms Underlying Iron Depletion and Oxidative-Stress Acclimation in Synechocystis sp. Strain PCC 6803,"Cheng, Applied and environmental microbiology 2020",,PMC7301839,,2020
BL107_11441,syn,Synechocystis sp. PCC 6803,Synechocystis,cyano,False,52,94,Carbon/nitrogen homeostasis control in cyanobacteria,"Forchhammer, FEMS microbiology reviews 2020",,PMC8042125,,2020
BL107_11441,syn,Synechocystis sp. PCC 6803,Synechocystis,cyano,False,52,94,Effects of inactivation of the cyAbrB2 transcription factor together with glycogen synthesis on cellular metabolism and free fatty acid production in the cyanobacterium Synechocystis sp. PCC 6803,"Kodama, Biotechnology and bioengineering 2018 ( PubMed )",10.1002/bit.26842,,,2018
BL107_11441,syn,Nostoc punctiforme,Nostoc,cyano,False,51,88,"The AbrB2 autorepressor, expressed from an atypical promoter, represses the hydrogenase operon to regulate hydrogen production in Synechocystis strain PCC6803","Dutheil, Journal of bacteriology 2012",,PMC3457224,,2012
BL107_11441,syn,Nostoc punctiforme,Nostoc,cyano,False,51,88,Transcript analysis of the extended hyp-operon in the cyanobacteria Nostoc sp. strain PCC 7120 and Nostoc punctiforme ATCC 29133,"Holmqvist, BMC research notes 2011",,PMC3126725,,2011
BL107_11441,syn,Anabaena variabilis ATCC 29413,Anabaena,cyano,False,49,88,"The AbrB2 autorepressor, expressed from an atypical promoter, represses the hydrogenase operon to regulate hydrogen production in Synechocystis strain PCC6803","Dutheil, Journal of bacteriology 2012",,PMC3457224,,2012
BL107_11441,syn,Anabaena variabilis ATCC 29413,Anabaena,cyano,False,49,88,"Regulatory networks of FUR and NtcA are intertwined by transcriptional regulators, two-component systems, serine/threonine kinases, and sigma factors in <i>Anabaena</i> sp. PCC 7120","Guío, mSystems 2025",,PMC12282138,,2025
BL107_11441,syn,Anabaena variabilis ATCC 29413,Anabaena,cyano,False,49,88,The First Proteomics Study of Nostoc sp. PCC 7120 Exposed to Cyanotoxin BMAA under Nitrogen Starvation,"Koksharova, Toxins 2020",,PMC7290344,,2020
BL107_11441,syn,Anabaena variabilis ATCC 29413,Anabaena,cyano,False,49,88,"The AbrB2 autorepressor, expressed from an atypical promoter, represses the hydrogenase operon to regulate hydrogen production in Synechocystis strain PCC6803","Dutheil, Journal of bacteriology 2012",,PMC3457224,,2012
BL107_11441,syn,Anabaena variabilis ATCC 29413,Anabaena,cyano,False,49,88,Transcript analysis of the extended hyp-operon in the cyanobacteria Nostoc sp. strain PCC 7120 and Nostoc punctiforme ATCC 29133,"Holmqvist, BMC research notes 2011",,PMC3126725,,2011
BL107_11441,syn,Anabaena variabilis ATCC 29413,Anabaena,cyano,False,49,88,"Genome fluctuations in cyanobacteria reflect evolutionary, developmental and adaptive traits","Larsson, BMC evolutionary biology 2011",,PMC3141437,,2011
BL107_11441,syn,Anabaena variabilis ATCC 29413,Anabaena,cyano,False,49,88,"CalA, a cyanobacterial AbrB protein, interacts with the upstream region of hypC and acts as a repressor of its transcription in the cyanobacterium Nostoc sp. strain PCC 7120","Agervald, Applied and environmental microbiology 2010",,PMC2813017,,2010
BL107_11441,syn,Cyanothece sp. ATCC 51142,Cyanothece,cyano,False,46,78,Proteome analyses of strains ATCC 51142 and PCC 7822 of the diazotrophic cyanobacterium Cyanothece sp. under culture conditions resulting in enhanced H₂ production,"Aryal, Applied and environmental microbiology 2013",,PMC3568600,,2013
BL107_11441,syn,Synechocystis sp. PCC 6803,Synechocystis,cyano,False,46,78,CRISPRi knockdown of the cyabrB1 gene induces the divergently transcribed icfG and sll1783 operons related to carbon metabolism in the cyanobacterium Synechocystis sp. PCC 6803,"Hishida, The Journal of general and applied microbiology 2024 ( PubMed )",10.2323/jgam.2024.01.001,,,2024
BL107_11441,syn,Synechocystis sp. PCC 6803,Synechocystis,cyano,False,46,78,CyAbrB2 is a nucleoid-associated protein in Synechocystis controlling hydrogenase expression during fermentation,"Kariyazono, eLife 2024",,PMC11368403,,2024
BL107_11441,syn,Synechocystis sp. PCC 6803,Synechocystis,cyano,False,46,78,Deep Proteogenomics of a Photosynthetic Cyanobacterium,"Spät, Journal of proteome research 2023",,PMC10243305,,2023
BL107_11441,syn,Synechocystis sp. PCC 6803,Synechocystis,cyano,False,46,78,Expression of the Cyanobacterial F<sub>o</sub>F<sub>1</sub> ATP Synthase Regulator AtpΘ Depends on Small DNA-Binding Proteins and Differential mRNA Stability,"Song, Microbiology spectrum 2022",,PMC9241938,,2022
BL107_11441,syn,Synechocystis sp. PCC 6803,Synechocystis,cyano,False,46,78,Structural Determinants and Their Role in Cyanobacterial Morphogenesis,"Springstein, Life (Basel, Switzerland) 2020",,PMC7766704,,2020
BL107_11441,syn,Synechocystis sp. PCC 6803,Synechocystis,cyano,False,46,78,Advances in the function and regulation of hydrogenase in the cyanobacterium Synechocystis PCC6803,"Cassier-Chauvat, International journal of molecular sciences 2014",,PMC4264147,,2014
BL107_11441,syn,Synechocystis sp. PCC 6803,Synechocystis,cyano,False,46,78,The Effects of Dark Incubation on Cellular Metabolism of the Wild Type Cyanobacterium Synechocystis sp. PCC 6803 and a Mutant Lacking the Transcriptional Regulator cyAbrB2,"Hanai, Life (Basel, Switzerland) 2014",,PMC4284466,,2014
BL107_11441,syn,Synechocystis sp. PCC 6803,Synechocystis,cyano,False,46,78,"CyanoPhyChe: a database for physico-chemical properties, structure and biochemical pathway information of cyanobacterial proteins","Arun, PloS one 2012",,PMC3504015,,2012
BL107_11441,syn,Halomicronema sp. CCY15110,Halomicronema,cyano,False,43,95,"Biofilm Formation, Modulation, and Transcriptomic Regulation Under Stress Conditions in Halomicronema sp","Caldara, International journal of molecular sciences 2025",,PMC11765580,,2025
BL107_11441,syn,Nostoc sp. PCC 7120,Nostoc,cyano,False,42,82,"Regulatory networks of FUR and NtcA are intertwined by transcriptional regulators, two-component systems, serine/threonine kinases, and sigma factors in <i>Anabaena</i> sp. PCC 7120","Guío, mSystems 2025",,PMC12282138,,2025
BL107_11441,syn,Nostoc sp. PCC 7120,Nostoc,cyano,False,42,82,Cyclophilin anaCyp40 regulates photosystem assembly and phycobilisome association in a cyanobacterium,"Yadav, Nature communications 2022",,PMC8967839,,2022
BL107_11441,syn,Nostoc sp. PCC 7120,Nostoc,cyano,False,42,82,Overexpression of phytochelatin synthase (pcs) enhances abiotic stress tolerance by altering the proteome of transformed Anabaena sp. PCC 7120,"Chaurasia, Protoplasma 2017 ( PubMed )",10.1007/s00709-016-1059-7,,,2017
BL107_11441,syn,Nostoc sp. PCC 7120,Nostoc,cyano,False,42,82,Transcript analysis of the extended hyp-operon in the cyanobacteria Nostoc sp. strain PCC 7120 and Nostoc punctiforme ATCC 29133,"Holmqvist, BMC research notes 2011",,PMC3126725,,2011
BL107_11441,syn,Nostoc sp. PCC 7120,Nostoc,cyano,False,42,82,Physiological roles of the cyAbrB transcriptional regulator pair Sll0822 and Sll0359 in Synechocystis sp. strain PCC 6803,"Yamauchi, Journal of bacteriology 2011",,PMC3147526,,2011
BL107_11441,syn,Nostoc sp. PCC 7120,Nostoc,cyano,False,42,82,The CyAbrB transcription factor CalA regulates the iron superoxide dismutase in Nostoc sp. strain PCC 7120,"Agervald, Environmental microbiology 2010 ( PubMed )",10.1111/j.1462-2920.2010.02255.x,,,2010
BL107_11441,syn,Nostoc sp. PCC 7120,Nostoc,cyano,False,42,82,"CalA, a cyanobacterial AbrB protein, interacts with the upstream region of hypC and acts as a repressor of its transcription in the cyanobacterium Nostoc sp. strain PCC 7120","Agervald, Applied and environmental microbiology 2010",,PMC2813017,,2010
BL107_11441,syn,Nostoc sp. PCC 7120,Nostoc,cyano,False,42,82,"CalA, a cyAbrB protein, binds to the upstream region of ftsZ and is down-regulated in heterocysts in Anabaena sp. PCC 7120","He, Archives of microbiology 2010 ( PubMed )",10.1007/s00203-010-0573-9,,,2010
BL107_11441,syn,Nostoc punctiforme,Nostoc,cyano,False,42,81,Transcript analysis of the extended hyp-operon in the cyanobacteria Nostoc sp. strain PCC 7120 and Nostoc punctiforme ATCC 29133,"Holmqvist, BMC research notes 2011",,PMC3126725,,2011
BL107_16040,syn,Synechococcus sp. WH 8102,Synechococcus,cyano,True,97,100,Impact of DNA damaging agents on genome-wide transcriptional profiles in two marine Synechococcus species,"Tetu, Frontiers in microbiology 2013",,PMC3744912,,2013
BL107_16040,syn,Prochlorococcus marinus sp. MED4,Prochlorococcus,cyano,True,92,100,A Cyanophage MarR-Type Transcription Factor Regulates Host RNase E Expression during Infection,"Lambrecht, Microorganisms 2022",,PMC9692554,,2022
BL107_16040,syn,Prochlorococcus marinus sp. MED4,Prochlorococcus,cyano,True,92,100,Nitrogen cost minimization is promoted by structural changes in the transcriptome of N-deprived Prochlorococcus cells,"Read, The ISME journal 2017",,PMC5607370,,2017
BL107_16040,syn,Prochlorococcus marinus (strain AS9601),Prochlorococcus,cyano,True,92,100,BEAN and HABAS: Polyphyletic insertions in the DNA-directed RNA polymerase,"Alvarez-Carreño, Protein science : a publication of the Protein Society 2024",,PMC11515920,,2024
BL107_16040,syn,Synechococcus elongatus PCC 7942,Synechococcus,cyano,False,79,99,Blueprint for a minimal photoautotrophic cell: conserved and variable genes in Synechococcus elongatus PCC 7942,"Delaye, BMC genomics 2011",,PMC3025956,,2011
BL107_16040,syn,Synechocystis sp. PCC 6803,Synechocystis,cyano,False,77,98,Structural and functional aspects of the interaction partners of the small heat-shock protein in Synechocystis,"Marklund, Cell stress & chaperones 2018",,PMC6045555,,2018
BL107_16040,syn,Synechocystis sp. PCC 6803,Synechocystis,cyano,False,77,98,Improving tolerance to fluctuating light through adaptive laboratory evolution in the cyanobacterium Synechocystis,"Leister, 2026",10.21203/rs.3.rs-6305715/v1,,,2026
BL107_16040,syn,Synechocystis sp. PCC 6803,Synechocystis,cyano,False,77,98,Improving tolerance to fluctuating light through adaptive laboratory evolution in the cyanobacterium Synechocystis,"Figueroa-Gonzalez, 2025",10.1101/2025.07.20.665829,,,2025
BL107_16040,syn,Synechocystis sp. PCC 6803,Synechocystis,cyano,False,77,98,Structural and functional aspects of the interaction partners of the small heat-shock protein in Synechocystis,"Marklund, Cell stress & chaperones 2018",,PMC6045555,,2018
BL107_16040,syn,Synechocystis sp. PCC 6803,Synechocystis,cyano,False,77,98,Arabidopsis acyl-acyl carrier protein synthetase AAE15 with medium chain fatty acid specificity is functional in cyanobacteria,"Kaczmarzyk, AMB Express 2016",,PMC4722043,,2016
BL107_16040,syn,Synechocystis sp. PCC 6803,Synechocystis,cyano,False,77,98,Using transcriptomics to improve butanol tolerance of Synechocystis sp. strain PCC 6803,"Anfelt, Applied and environmental microbiology 2013",,PMC3837751,,2013
BL107_16040,syn,Synechocystis sp. PCC 6803,Synechocystis,cyano,False,77,98,Gene expression patterns of sulfur starvation in Synechocystis sp. PCC 6803,"Zhang, BMC genomics 2008",,PMC2491639,,2008
BL107_16040,syn,Synechocystis sp. PCC 6803,Synechocystis,cyano,False,77,98,Differential gene expression in response to hydrogen peroxide and the putative PerR regulon of Synechocystis sp. strain PCC 6803,"Li, Journal of bacteriology 2004",,PMC415769,,2004
BL107_16040,syn,Synechocystis sp. PCC 6803,Synechocystis,cyano,False,77,98,"Thioredoxin-linked processes in cyanobacteria are as numerous as in chloroplasts, but targets are different","Lindahl, Proceedings of the National Academy of Sciences of the United States of America 2003",,PMC307700,,2003
BL107_16040,syn,Nostoc sp. PCC 7120,Nostoc,cyano,False,76,96,Cyclophilin anaCyp40 regulates photosystem assembly and phycobilisome association in a cyanobacterium,"Yadav, Nature communications 2022",,PMC8967839,,2022
BL107_16040,syn,Nostoc sp. PCC 7120,Nostoc,cyano,False,76,96,The First Proteomics Study of Nostoc sp. PCC 7120 Exposed to Cyanotoxin BMAA under Nitrogen Starvation,"Koksharova, Toxins 2020",,PMC7290344,,2020
SYNPCC7002_C0017,syn,Synechocystis sp. PCC 6803,Synechocystis,cyano,False,33,68,Expression of tardigrade disordered proteins impacts the tolerance to biofuels in a model cyanobacterium Synechocystis sp. PCC 6803,"Zhang, Frontiers in microbiology 2022",,PMC9845703,,2022
SYNPCC7002_C0017,syn,Synechococcus sp. PCC 7002,Synechococcus,cyano,False,30,82,Transcription Profiling of the Model Cyanobacterium Synechococcus sp. Strain PCC 7002 by Next-Gen (SOLiD™) Sequencing of cDNA,"Ludwig, Frontiers in microbiology 2011",,PMC3133671,,2011
SYNPCC7002_C0017,syn,Nostoc sp. PCC 7120,Nostoc,cyano,False,28,33,Emergence and evolution of heterocyte glycolipid biosynthesis enabled specialized nitrogen fixation in cyanobacteria,"Pérez, 2024",10.1101/2024.05.17.594646,,,2024
SYNPCC7002_C0017,syn,Synechocystis sp. PCC 6803,Synechocystis,cyano,False,62,15,A revised genome annotation of the model cyanobacterium Synechocystis based on start and stop codon-enriched ribosome profiling and proteogenomics,"Hess, 2026",10.21203/rs.3.rs-8767029/v1,,,2026
SYNPCC7002_C0017,syn,Synechocystis sp. PCC 6803,Synechocystis,cyano,False,62,15,CRISPR-Cas systems in the cyanobacterium Synechocystis sp. PCC6803 exhibit distinct processing pathways involving at least two Cas6 and a Cmr2 protein,"Scholz, PloS one 2013",,PMC3575380,,2013
SYNW1780,syn,Prochlorococcus marinus str. NATL2A,Prochlorococcus,cyano,True,75,93,Heterotroph Interactions Alter Prochlorococcus Transcriptome Dynamics during Extended Periods of Darkness,"Biller, mSystems 2018",,PMC5974335,,2018
SYNW1780,syn,Synechococcus elongatus,Synechococcus,cyano,False,67,97,Micromonas commoda N-Acetyl-L-Glutamate Kinase Reflects Specificity in the Control of Arginine Synthesis at the Base of the Green Line,", International journal of molecular sciences 2026",,PMC12940695,,2026
SYNW1780,syn,Synechococcus elongatus,Synechococcus,cyano,False,67,97,Interaction of N-acetyl-l-glutamate kinase with the PII signal transducer in the non-photosynthetic alga Polytomella parva: Co-evolution towards a hetero-oligomeric enzyme,"Selim, The FEBS journal 2020",,PMC7027753,,2020
SYNW1780,syn,Synechocystis sp. (strain ATCC 27184 / PCC 6803 / Kazusa),Synechocystis,cyano,False,64,95,Interaction of N-acetyl-l-glutamate kinase with the PII signal transducer in the non-photosynthetic alga Polytomella parva: Co-evolution towards a hetero-oligomeric enzyme,"Selim, The FEBS journal 2020",,PMC7027753,,2020
SYNW1780,syn,Synechocystis sp. (strain ATCC 27184 / PCC 6803 / Kazusa),Synechocystis,cyano,False,64,95,Diurnal rhythm causes metabolic crises in the cyanobacterial mutants of c-di-AMP signaling cascade,"Haffner, iScience 2025",,PMC12454622,,2025
SYNW1780,syn,Synechocystis sp. (strain ATCC 27184 / PCC 6803 / Kazusa),Synechocystis,cyano,False,64,95,The genome sequence of Synechocystis sp. PCC 6803 substrain GT-T and its implications for the evolution of PCC 6803 substrains,"Koskinen, FEBS open bio 2023",,PMC10068330,,2023
SYNW1780,syn,Synechocystis sp. (strain ATCC 27184 / PCC 6803 / Kazusa),Synechocystis,cyano,False,64,95,"The Signal Transduction Protein PII Controls Ammonium, Nitrate and Urea Uptake in Cyanobacteria","Watzer, Frontiers in microbiology 2019",,PMC6603209,,2019
SYNW1780,syn,Synechocystis sp. (strain ATCC 27184 / PCC 6803 / Kazusa),Synechocystis,cyano,False,64,95,Integrated OMICS guided engineering of biofuel butanol-tolerance in photosynthetic Synechocystis sp. PCC 6803,"Zhu, Biotechnology for biofuels 2013",,PMC3726282,,2013
SYNW1780,syn,Synechocystis sp. (strain ATCC 27184 / PCC 6803 / Kazusa),Synechocystis,cyano,False,64,95,Microevolution in cyanobacteria: re-sequencing a motile substrain of Synechocystis sp. PCC 6803,"Trautmann, DNA research : an international journal for rapid publication of reports on genes and genomes 2012",,PMC3514855,,2012
SYNW1780,syn,Synechocystis sp. (strain ATCC 27184 / PCC 6803 / Kazusa),Synechocystis,cyano,False,64,95,"Comparative analysis of chloroplast genomes: functional annotation, genome-based phylogeny, and deduced evolutionary patterns","De, Genome research 2002",,PMC187516,,2002
SYNW1780,syn,Crocosphaera subtropica ATCC 51142,Crocosphaera,cyano,False,64,97,Proteomic analysis of metabolic adaptation in a unicellular cyanobacterium during light-dark cycles and nitrogen fixation,"Panda, Scientific reports 2025",,PMC12518598,,2025
SYNW1780,syn,Cyanothece sp. ATCC 51142,Cyanothece,cyano,False,64,94,Proteomic analysis of metabolic adaptation in a unicellular cyanobacterium during light-dark cycles and nitrogen fixation,"Panda, Scientific reports 2025",,PMC12518598,,2025
SYNW1812,syn,Prochlorococcus marinus str. MIT 9211,Prochlorococcus,cyano,True,69,90,Diversity of nonribosomal peptide synthetase genes in the microbial metagenomes of marine sponges,"Pimentel-Elardo, Marine drugs 2012",,PMC3397433,,2012
SynWH7803_0353,syn,Parasynechococcus marenigrum (strain WH8102),Parasynechococcus,cyano,True,77,99,Integrated Proteomic and Metabolomic Analyses Show Differential Effects of Glucose Availability in Marine Synechococcus and Prochlorococcus.,"Moreno-Cabezuelo, Microbiology spectrum 2023",,PMC10100731,,2023
SynWH7803_0353,syn,Parasynechococcus marenigrum (strain WH8102),Parasynechococcus,cyano,True,77,99,Proteomic responses of oceanic Synechococcus WH8102 to phosphate and zinc scarcity and cadmium additions,"Cox, Frontiers in microbiology 2013",,PMC3865332,,2013
SynWH7803_0353,syn,Synechococcus elongatus PCC 11801,Synechococcus,cyano,False,58,99,"Elevated carbon dioxide levels lead to proteome-wide alterations for optimal growth of a fast-growing cyanobacterium, Synechococcus elongatus PCC 11801","Mehta, Scientific reports 2019",,PMC6472392,,2019
SynWH7803_0353,syn,Synechococcus elongatus (strain ATCC 33912 / PCC 7942 / FACHB-805),Synechococcus,cyano,False,57,99,Dynamic Changes in the Thylakoid Proteome of Cyanobacteria during Light-Regulated Thylakoid Membrane Development,"Huang, Plants (Basel, Switzerland) 2023",,PMC10708155,,2023
SynWH7803_0353,syn,Synechococcus elongatus (strain ATCC 33912 / PCC 7942 / FACHB-805),Synechococcus,cyano,False,57,99,"Elevated carbon dioxide levels lead to proteome-wide alterations for optimal growth of a fast-growing cyanobacterium, Synechococcus elongatus PCC 11801","Mehta, Scientific reports 2019",,PMC6472392,,2019
SynWH7803_0353,syn,Synechococcus elongatus (strain ATCC 33912 / PCC 7942 / FACHB-805),Synechococcus,cyano,False,57,99,Second- and third-hand chloroplasts in dinoflagellates: phylogeny of oxygen-evolving enhancer 1 (PsbO) protein reveals replacement of a nuclear-encoded plastid gene by that of a haptophyte tertiary endosymbiont,"Ishida, Proceedings of the National Academy of Sciences of the United States of America 2002",,PMC123134,,2002
SynWH7803_0353,syn,Synechococcus elongatus (strain ATCC 33912 / PCC 7942 / FACHB-805),Synechococcus,cyano,False,57,99,Expression and processing of cyanobacterial Mn-stabilizing protein in Escherichia coli,"Kuwabara, European journal of biochemistry 1989 ( PubMed )",10.1111/j.1432-1033.1989.tb15199.x,,,1989
SynWH7803_0353,syn,Synechococcus elongatus (strain ATCC 33912 / PCC 7942 / FACHB-805),Synechococcus,cyano,False,57,99,Nucleotide sequence of the gene from the cyanobacterium Anacystis nidulans R2 encoding the Mn-stabilizing protein involved in photosystem II water oxidation,"Kuwabara, Proceedings of the National Academy of Sciences of the United States of America 1987",,PMC299515,,1987
SynWH7803_0353,syn,Prochlorococcus marinus (strain SARG / CCMP1375 / SS120),Prochlorococcus,cyano,True,53,99,Integrated Proteomic and Metabolomic Analyses Show Differential Effects of Glucose Availability in Marine <i>Synechococcus</i> and <i>Prochlorococcus</i>,"Moreno-Cabezuelo, Microbiology spectrum 2023",,PMC10100731,,2023
SynWH7803_0353,syn,Prochlorococcus marinus (strain MIT 9313),Prochlorococcus,cyano,True,51,96,The distribution of divinyl chlorophylls a and b and the presence of ferredoxin-NADP+ reductase in Prochlorococcus marinus MIT9313 thylakoid membranes,"Barrera-Rojas, Heliyon 2018",,PMC6312871,,2018
SynWH7803_0353,syn,Microcystis aeruginosa TAIHU98,Microcystis,cyano,False,50,98,Determination of the Role of Microcystis aeruginosa in Toxin Generation Based on Phosphoproteomic Profiles,"Qu, Toxins 2018",,PMC6070999,,2018
SynWH7803_0353,syn,Nostoc punctiforme,Nostoc,cyano,False,49,98,"Proteome profiling reveals changes in energy metabolism, transport and antioxidation during drought stress in Nostoc flagelliforme","Li, BMC plant biology 2022",,PMC8973743,,2022
SynWH7803_0353,syn,Nostoc sp. PCC 7120,Nostoc,cyano,False,48,99,Cyclophilin anaCyp40 regulates photosystem assembly and phycobilisome association in a cyanobacterium,"Yadav, Nature communications 2022",,PMC8967839,,2022
SynWH7803_0353,syn,Nostoc sp. PCC 7120,Nostoc,cyano,False,48,99,β-N-Methylamino-L-Alanine (BMAA) Causes Severe Stress in Nostoc sp. PCC 7120 Cells under Diazotrophic Conditions: A Proteomic Study,"Koksharova, Toxins 2021",,PMC8147232,,2021
SynWH7803_0353,syn,Nostoc sp. PCC 7120,Nostoc,cyano,False,48,99,Second- and third-hand chloroplasts in dinoflagellates: phylogeny of oxygen-evolving enhancer 1 (PsbO) protein reveals replacement of a nuclear-encoded plastid gene by that of a haptophyte tertiary endosymbiont,"Ishida, Proceedings of the National Academy of Sciences of the United States of America 2002",,PMC123134,,2002
SynWH7803_0353,syn,Synechocystis sp. (strain ATCC 27184 / PCC 6803 / Kazusa),Synechocystis,cyano,False,47,99,Different Regulatory Modes of Synechocystis sp. PCC 6803 in Response to Photosynthesis Inhibitory Conditions,"Cho, mSystems 2021",,PMC8651088,,2021
SynWH7803_0353,syn,Synechocystis sp. (strain ATCC 27184 / PCC 6803 / Kazusa),Synechocystis,cyano,False,47,99,Psb34 protein modulates binding of high-light-inducible proteins to CP47-containing photosystem II assembly intermediates in the cyanobacterium Synechocystis sp. PCC 6803,"Rahimzadeh-Karvansara, Photosynthesis research 2022",,PMC9458560,,2022
SynWH7803_0353,syn,Synechocystis sp. (strain ATCC 27184 / PCC 6803 / Kazusa),Synechocystis,cyano,False,47,99,Proteome-wide light/dark modulation of thiol oxidation in cyanobacteria revealed by quantitative site-specific redox proteomics,"Guo, Molecular & cellular proteomics : MCP 2014",,PMC4256482,,2014
SynWH7803_0353,syn,Synechocystis sp. (strain ATCC 27184 / PCC 6803 / Kazusa),Synechocystis,cyano,False,47,99,Second- and third-hand chloroplasts in dinoflagellates: phylogeny of oxygen-evolving enhancer 1 (PsbO) protein reveals replacement of a nuclear-encoded plastid gene by that of a haptophyte tertiary endosymbiont,"Ishida, Proceedings of the National Academy of Sciences of the United States of America 2002",,PMC123134,,2002
SynWH7803_0353,syn,Synechocystis sp. (strain ATCC 27184 / PCC 6803 / Kazusa),Synechocystis,cyano,False,47,99,Impact of SliP4 deletion on the high-light acclimation in Synechocystis sp. PCC 6803,"Alvarenga-Lucius, microLife 2026",,PMC12850537,,2026
SynWH7803_0353,syn,Synechocystis sp. (strain ATCC 27184 / PCC 6803 / Kazusa),Synechocystis,cyano,False,47,99,Transcriptome-wide in vivo mapping of cleavage sites for the compact cyanobacterial ribonuclease E reveals insights into its function and substrate recognition,"Hoffmann, Nucleic acids research 2021",,PMC8682795,,2021
SynWH7803_0353,syn,Synechocystis sp. (strain ATCC 27184 / PCC 6803 / Kazusa),Synechocystis,cyano,False,47,99,Absence of KpsM (Slr0977) Impairs the Secretion of Extracellular Polymeric Substances (EPS) and Impacts Carbon Fluxes in Synechocystis sp. PCC 6803,"Santos, mSphere 2021",,PMC7885315,,2021
SynWH7803_0353,syn,Synechocystis sp. (strain ATCC 27184 / PCC 6803 / Kazusa),Synechocystis,cyano,False,47,99,Proximity-based proteomics reveals the thylakoid lumen proteome in the cyanobacterium Synechococcus sp. PCC 7002,"Dahlgren, Photosynthesis research 2021",,PMC7880944,,2021
SynWH7803_0353,syn,Synechocystis sp. (strain ATCC 27184 / PCC 6803 / Kazusa),Synechocystis,cyano,False,47,99,Impact of RNase E and RNase J on Global mRNA Metabolism in the Cyanobacterium Synechocystis PCC6803,"Cavaiuolo, Frontiers in microbiology 2020",,PMC7283877,,2020
SynWH7803_0353,syn,Synechocystis sp. (strain ATCC 27184 / PCC 6803 / Kazusa),Synechocystis,cyano,False,47,99,Lysine Propionylation is a Widespread Post-Translational Modification Involved in Regulation of Photosynthesis and Metabolism in Cyanobacteria,"Yang, International journal of molecular sciences 2019",,PMC6801645,,2019
SynWH7803_0353,syn,Synechocystis sp. (strain ATCC 27184 / PCC 6803 / Kazusa),Synechocystis,cyano,False,47,99,Thylakoid Localized Type 2 NAD(P)H Dehydrogenase NdbA Optimizes Light-Activated Heterotrophic Growth of Synechocystis sp. PCC 6803,"Huokko, Plant & cell physiology 2019",,PMC6553663,,2019
SynWH7803_0353,syn,Synechocystis sp. (strain ATCC 27184 / PCC 6803 / Kazusa),Synechocystis,cyano,False,47,99,Global Proteomic Analysis Reveals an Exclusive Role of Thylakoid Membranes in Bioenergetics of a Model Cyanobacterium,"Liberton, Molecular & cellular proteomics : MCP 2016",,PMC5083105,,2016
SynWH7803_0353,syn,Synechococcus sp. PCC 7002,Synechococcus,cyano,False,45,98,Lysine Acetylome Analysis Reveals Photosystem II Manganese-stabilizing Protein Acetylation is Involved in Negative Regulation of Oxygen Evolution in Model Cyanobacterium Synechococcus sp. PCC 7002,"Chen, Molecular & cellular proteomics : MCP 2017",,PMC5500762,,2017
SynWH7803_0353,syn,Synechococcus sp. PCC 7002,Synechococcus,cyano,False,45,98,Transcription Profiling of the Model Cyanobacterium Synechococcus sp. Strain PCC 7002 by Next-Gen (SOLiD™) Sequencing of cDNA,"Ludwig, Frontiers in microbiology 2011",,PMC3133671,,2011
SynWH7803_0353,syn,Halomicronema hongdechloris C2206,Halomicronema,cyano,False,44,96,Modeling the Characteristic Residues of Chlorophyll <i>f</i> Synthase (ChlF) from <i>Halomicronema hongdechloris</i> to Determine Its Reaction Mechanism,"Chen, Microorganisms 2023",,PMC10535343,,2023
SynWH7803_0353,syn,Halomicronema hongdechloris C2206,Halomicronema,cyano,False,44,96,Genome and proteome of the chlorophyll f-producing cyanobacterium Halomicronema hongdechloris: adaptative proteomic shifts under different light conditions,"Chen, BMC genomics 2019",,PMC6416890,,2019
SynWH7803_0353,syn,Acaryochloris marina MBIC11017,Acaryochloris,cyano,False,43,99,The Complex Transcriptional Response of Acaryochloris marina to Different Oxygen Levels,"Hernández-Prieto, G3 (Bethesda, Md.) 2017",,PMC5295598,,2017
SynWH7803_0353,syn,Acaryochloris marina MBIC11017,Acaryochloris,cyano,False,43,99,Computational prediction of cAMP receptor protein (CRP) binding sites in cyanobacterial genomes,"Xu, BMC genomics 2009",,PMC2633013,,2009
